source,method,f1_mean,f1_std,pr_auc_mean,pr_auc_std,recall_mean,precision_mean,mcc_mean,g_mean_mean,rank_f1,rank_pr_auc
synthetic_ir,ADASYN + RF,0.1461988304093567,0.1703953483547773,0.0724392932147882,0.0718370451028986,0.1111111111111111,0.2314814814814814,0.1573280172359628,0.2581615915304719,2.0,9.0
synthetic_ir,Balanced Bagging,0.011403957970741,0.0060228363245442,0.0284449487710045,0.0222284557099233,0.6,0.0057599835054424,0.0501490763746975,0.7211190960688633,8.0,14.0
synthetic_ir,Balanced Random Forest,0.0151177202569007,0.0077862853503923,0.0657470184506162,0.0233932165426687,0.4888888888888889,0.0076822023558541,0.0544921276799941,0.6698982560639841,7.0,10.0
synthetic_ir,Baseline RF,0.0,0.0,0.1171848354602552,0.036873214612654,0.0,0.0,0.0,0.0,14.0,2.0
synthetic_ir,Borderline-SMOTE + RF,0.0350877192982456,0.0607737125462763,0.0448048161967101,0.0420571561715268,0.0222222222222222,0.0833333333333333,0.0428022998483715,0.0860576895223542,6.0,12.0
synthetic_ir,Class weight LogisticRegression,0.0068364813880998,0.0048140883713023,0.0903787496600636,0.1131151099164765,0.5555555555555555,0.0034405994592797,0.0323079620684061,0.6639623369654841,10.0,7.0
synthetic_ir,Custom weighted log-loss LR,0.291866028708134,0.2533175405157712,0.2799524700784451,0.1891040837613828,0.1999999999999999,0.5714285714285715,0.3346111260734953,0.3645698524609719,1.0,1.0
synthetic_ir,EasyEnsemble,0.0061772282336661,0.0030986095650959,0.0473098943032291,0.0392584946657548,0.6222222222222222,0.003105387374392,0.03145047135452,0.6881746457540666,11.0,11.0
synthetic_ir,RF (balanced_subsample),0.0,0.0,0.104376117909641,0.089258184556769,0.0,0.0,0.0,0.0,14.0,3.0
synthetic_ir,RUSBoost,0.0039261994947309,0.0010965496206605,0.0024113242090911,0.0016956508278313,0.4888888888888889,0.0019725544024501,0.0165384075689915,0.5876175672440964,12.0,15.0
synthetic_ir,Random Oversampling + RF,0.0,0.0,0.1027390118228661,0.1250385676157867,0.0,0.0,0.0,0.0,14.0,4.0
synthetic_ir,Random Undersampling + RF,0.007942049346225,0.0057789771590579,0.0407893410732718,0.0353334288482911,0.6666666666666666,0.0040006583224122,0.0383883453428493,0.7126155634449997,9.0,13.0
synthetic_ir,SMOTE + RF,0.1066666666666666,0.1847520861406802,0.0929965977142221,0.1159086338891891,0.0888888888888888,0.1333333333333333,0.1083637177319491,0.1720981632028005,4.0,5.5
synthetic_ir,SMOTE-ENN + RF,0.1066666666666666,0.1847520861406802,0.0737051646132144,0.0769643950921483,0.0888888888888888,0.1333333333333333,0.1083867756387481,0.1720981632028005,4.0,8.0
synthetic_ir,SMOTE-Tomek + RF,0.1066666666666666,0.1847520861406802,0.0929965977142221,0.1159086338891891,0.0888888888888888,0.1333333333333333,0.1083637177319491,0.1720981632028005,4.0,5.5
synthetic_ir,ADASYN + RF,0.5837166991552957,0.0671337369275413,0.6790309759846216,0.0754454609173565,0.45,0.8702380952380953,0.6175427631183635,0.6682492788400586,3.0,7.0
synthetic_ir,Balanced Bagging,0.2004036300711492,0.0050695344588401,0.468682943974479,0.0533810194822522,0.7833333333333333,0.1149314124061942,0.2853105403955213,0.8575365613715936,9.0,12.0
synthetic_ir,Balanced Random Forest,0.3201154676529157,0.0404768543793191,0.5945715969429112,0.0479997120743748,0.7833333333333333,0.2020638424742159,0.386607468427292,0.8708836764729503,8.0,8.0
synthetic_ir,Baseline RF,0.1379130887327608,0.1317533065211302,0.5626043929494188,0.1078147481942038,0.0777777777777777,1.0,0.2525264456434214,0.2536515110291408,12.0,9.0
synthetic_ir,Borderline-SMOTE + RF,0.5496304931894166,0.0841607453667939,0.7210746388610888,0.0744474522825337,0.3888888888888889,0.9628647214854112,0.6068406595449652,0.621048597561825,5.0,1.0
synthetic_ir,Class weight LogisticRegression,0.1100168743090467,0.0471230529137586,0.3579787885168099,0.2254741200366693,0.7999999999999999,0.0593825790597843,0.19160428235429,0.8256872208498773,13.0,13.0
synthetic_ir,Custom weighted log-loss LR,0.5394968443039913,0.2000234785435701,0.5278389540052808,0.221914516470984,0.4888888888888889,0.6417378917378916,0.5481560022432914,0.686317489200987,6.0,10.0
synthetic_ir,EasyEnsemble,0.1033285624572706,0.0358578397540411,0.3542032594782134,0.1446508676301998,0.8388888888888889,0.0552754107952245,0.1894025750371188,0.8398561372461041,14.0,14.0
synthetic_ir,RF (balanced_subsample),0.1643625192012288,0.1471370511572044,0.7185624035569421,0.0781875747924313,0.0944444444444444,1.0,0.2832285558197352,0.2844648596949974,10.0,2.0
synthetic_ir,RUSBoost,0.0442880055485716,0.0062333536357057,0.0312640892746754,0.0062174858012968,0.5666666666666667,0.0231215289891284,0.0743395737977553,0.6470928182958564,15.0,15.0
synthetic_ir,Random Oversampling + RF,0.3699923399090737,0.142117643502871,0.683054829585366,0.0684869112964045,0.2333333333333333,1.0,0.4723110162893342,0.4740770060352345,7.0,6.0
synthetic_ir,Random Undersampling + RF,0.1439463493795779,0.0419435923644436,0.5209398691199246,0.1488476569905236,0.8722222222222222,0.0788864192523914,0.2414289784549056,0.880983195807155,11.0,11.0
synthetic_ir,SMOTE + RF,0.5871879362733021,0.0899157061826249,0.7003461628171843,0.0671036714984138,0.4555555555555555,0.8587801087801088,0.6181237452892611,0.671444898933632,1.5,3.5
synthetic_ir,SMOTE-ENN + RF,0.5794491095695915,0.0950942388832418,0.6914161103879356,0.0704606984839938,0.4555555555555555,0.8257153474544778,0.6061132952983996,0.6713725126459286,4.0,5.0
synthetic_ir,SMOTE-Tomek + RF,0.5871879362733021,0.0899157061826249,0.7003461628171843,0.0671036714984138,0.4555555555555555,0.8587801087801088,0.6181237452892611,0.671444898933632,1.5,3.5
synthetic_ir,ADASYN + RF,0.8203070136749492,0.0446125687548706,0.8989904756119605,0.0431577441246258,0.7888888888888889,0.8554855330805999,0.8041726239162644,0.8820124197483808,4.0,7.0
synthetic_ir,Balanced Bagging,0.7168321823531039,0.0670016501367558,0.8316781928419713,0.0634940153145114,0.8466666666666667,0.6233586991386163,0.69411987408823,0.8956614405957996,8.0,11.0
synthetic_ir,Balanced Random Forest,0.7795301336799598,0.0485807833100559,0.8857948342063174,0.0329713354232738,0.8377777777777777,0.7291267795706494,0.7580365846051699,0.900751159921198,6.0,9.0
synthetic_ir,Baseline RF,0.6968683169707676,0.0761010724403262,0.89718902015615,0.0263099965137976,0.5422222222222222,0.9891110835092948,0.7137021964218039,0.7342485195552667,10.0,8.0
synthetic_ir,Borderline-SMOTE + RF,0.8190981379759276,0.0364082774031653,0.9031121394135256,0.054781508935776,0.7688888888888888,0.8778600166473544,0.8047813914186718,0.8719007219590651,5.0,6.0
synthetic_ir,Class weight LogisticRegression,0.4515974151914927,0.1153739803228809,0.6033264568493611,0.1750141405778792,0.7888888888888889,0.3193533383014451,0.4213853643870417,0.8032660071392899,14.0,14.0
synthetic_ir,Custom weighted log-loss LR,0.5551502365988368,0.0832975055095258,0.641745913913244,0.1412144269420374,0.6866666666666666,0.4659524995847866,0.5132315512075023,0.7938921940945095,12.0,13.0
synthetic_ir,EasyEnsemble,0.4605560828982756,0.0860854495173178,0.6444689037399839,0.1295082267793131,0.8088888888888889,0.3246880570409982,0.4355879845540991,0.8152479716837654,13.0,12.0
synthetic_ir,RF (balanced_subsample),0.6474160837558984,0.1129850875485587,0.920797481970348,0.0379443154922151,0.4866666666666666,0.9962962962962963,0.675334965595877,0.6936386186593908,11.0,4.0
synthetic_ir,RUSBoost,0.348689701646724,0.1419441292199816,0.409817854316682,0.2157674036261779,0.64,0.243902507088161,0.2883411258967587,0.7029670074174651,15.0,15.0
synthetic_ir,Random Oversampling + RF,0.7630747694999664,0.0402511800352318,0.9236966710459416,0.045254915587082,0.6266666666666666,0.9803846153846152,0.7677551560352663,0.7904769066196525,7.0,1.0
synthetic_ir,Random Undersampling + RF,0.7019878651176965,0.0512297605334197,0.8802536165564409,0.0381322054290248,0.8911111111111111,0.5799200007247952,0.6848803058562308,0.912605844204084,9.0,10.0
synthetic_ir,SMOTE + RF,0.8394520610698888,0.0413007789457733,0.9217209058238988,0.0446482076725108,0.7933333333333333,0.8917129579934163,0.8261645959092387,0.8862682064772708,1.5,2.5
synthetic_ir,SMOTE-ENN + RF,0.8359623788525945,0.0497104296346301,0.9136221817795356,0.0469399327879284,0.8066666666666666,0.8681378102791224,0.8209950289057826,0.892415971088532,3.0,5.0
synthetic_ir,SMOTE-Tomek + RF,0.8394520610698888,0.0413007789457733,0.9217209058238988,0.0446482076725108,0.7933333333333333,0.8917129579934163,0.8261645959092387,0.8862682064772708,1.5,2.5
synthetic_ir,ADASYN + RF,0.5393090569561158,0.1118336011032516,0.6140043991372052,0.1119192839039783,0.4592592592592592,0.6661111111111112,0.5435007440598406,0.6732859990729813,4.0,7.0
synthetic_ir,Balanced Bagging,0.2738046844380638,0.0090465179003711,0.4374740429646168,0.0502068520917847,0.8074074074074075,0.1648889754296387,0.3414530539271232,0.8607899557663896,9.0,11.0
synthetic_ir,Balanced Random Forest,0.3552673484344994,0.0384128956311907,0.5187518402271499,0.0567292968844147,0.7925925925925926,0.2299799204735096,0.4074256563904244,0.8644465639611815,6.0,9.0
synthetic_ir,Baseline RF,0.1741251524533258,0.0653559457825674,0.6697657454475422,0.1438309530218327,0.0962962962962962,1.0,0.3029837029262539,0.3056927993608215,11.0,2.0
synthetic_ir,Borderline-SMOTE + RF,0.5422790542790542,0.0918260925377996,0.6421681875769785,0.1113302167535194,0.4259259259259259,0.7738319856244384,0.5639907018678035,0.6488394182497147,3.0,4.0
synthetic_ir,Class weight LogisticRegression,0.1721893872297299,0.0588905385668295,0.2290954468172592,0.113147355585837,0.8074074074074074,0.0967916489195406,0.242853234371284,0.8217399766564885,12.0,14.0
synthetic_ir,Custom weighted log-loss LR,0.3257889049318477,0.1481322692079615,0.289953677242216,0.1438130758032808,0.3518518518518518,0.3177132391418105,0.3173160213910128,0.5672209479777645,7.0,12.0
synthetic_ir,EasyEnsemble,0.1667112087982885,0.0522307699066798,0.250156940197805,0.1018282357259531,0.8185185185185185,0.0932009771140376,0.2389466118537007,0.8235678143007613,13.0,13.0
synthetic_ir,RF (balanced_subsample),0.1106096425245361,0.0441729412919636,0.6568237957671527,0.1036052992929306,0.0592592592592592,0.9629629629629628,0.2318545250687343,0.239915429860722,14.0,3.0
synthetic_ir,RUSBoost,0.081496368811287,0.0107386418909408,0.0387945244029407,0.0028826618705689,0.5611111111111111,0.0442648898058972,0.103336076603449,0.6363377889995545,15.0,15.0
synthetic_ir,Random Oversampling + RF,0.3039111250574599,0.0763987731454039,0.6756146057688577,0.0952711595752629,0.1814814814814815,0.9824561403508772,0.4152554539770713,0.4227237908402185,8.0,1.0
synthetic_ir,Random Undersampling + RF,0.2066975763782236,0.0363265696703073,0.4686875612908037,0.0803575101689627,0.8925925925925927,0.1170535639495784,0.2938209641488006,0.877403097456367,10.0,10.0
synthetic_ir,SMOTE + RF,0.5581783917157234,0.0942680839086237,0.6362057877095064,0.1129082069886891,0.4666666666666666,0.7212254497085975,0.5689387594998566,0.6794376461479886,1.5,5.5
synthetic_ir,SMOTE-ENN + RF,0.5383651436283016,0.0811451568776086,0.6106984556180756,0.109671436139319,0.4740740740740741,0.639707028206327,0.5397168880365264,0.6852719992531937,5.0,8.0
synthetic_ir,SMOTE-Tomek + RF,0.5581783917157234,0.0942680839086237,0.6362057877095064,0.1129082069886891,0.4666666666666666,0.7212254497085975,0.5689387594998566,0.6794376461479886,1.5,5.5
synthetic_ir,ADASYN + RF,0.0303030303030303,0.0524863881081478,0.0307100397273688,0.0312491425399077,0.0222222222222222,0.0476190476190476,0.0320911654790547,0.0860490816014002,2.0,5.0
synthetic_ir,Balanced Bagging,0.0062934024952271,0.0033934412705241,0.0065159915059899,0.0052871162446954,0.4888888888888889,0.0031678475635365,0.0282976074810032,0.6316295635579791,4.0,14.0
synthetic_ir,Balanced Random Forest,0.0095613182836023,0.0033897085655597,0.0204963095153919,0.0096764606409702,0.3999999999999999,0.0048392668744206,0.0362920480129238,0.6013766133021229,3.0,11.0
synthetic_ir,Baseline RF,0.0,0.0,0.0821365704086562,0.0191117660365455,0.0,0.0,0.0,0.0,12.0,3.0
synthetic_ir,Borderline-SMOTE + RF,0.0,0.0,0.0197016056898728,0.0105716409967234,0.0,0.0,-0.0003644382925647,0.0,12.0,12.0
synthetic_ir,Class weight LogisticRegression,0.0049872516392823,0.002700878054771,0.0898999297566384,0.1429700074542821,0.5777777777777778,0.0025046952783623,0.0252106939172762,0.6548213722212654,5.0,2.0
synthetic_ir,Custom weighted log-loss LR,0.1469298245614035,0.1590328136782095,0.1937657889692331,0.1204601014575524,0.0888888888888888,0.5833333333333334,0.215035277455261,0.2351325259596029,1.0,1.0
synthetic_ir,EasyEnsemble,0.0042097910592618,0.001848217923751,0.0093791099719343,0.0061006849291094,0.5777777777777778,0.0021127983149347,0.0205736355801851,0.6368160398281105,7.0,13.0
synthetic_ir,RF (balanced_subsample),0.0,0.0,0.0292135560648968,0.0266217157433701,0.0,0.0,0.0,0.0,12.0,8.0
synthetic_ir,RUSBoost,0.0033499209171256,0.0001929329977788,0.0016321257888131,0.0004333198886176,0.4666666666666667,0.0016812029983256,0.0132847053916085,0.5766344729525343,8.0,15.0
synthetic_ir,Random Oversampling + RF,0.0,0.0,0.0400173850698522,0.0433230994088192,0.0,0.0,0.0,0.0,12.0,4.0
synthetic_ir,Random Undersampling + RF,0.0049239792081089,0.0023842978007924,0.0244726327999284,0.0286748369803593,0.6444444444444444,0.0024724601533802,0.0257643574080378,0.6710174168133897,6.0,10.0
synthetic_ir,SMOTE + RF,0.0,0.0,0.0300063579723847,0.0245624781100705,0.0,0.0,-0.0004353388935271,0.0,12.0,6.5
synthetic_ir,SMOTE-ENN + RF,0.0,0.0,0.0250674396695218,0.0241897431424337,0.0,0.0,-0.0005413986783425,0.0,12.0,9.0
synthetic_ir,SMOTE-Tomek + RF,0.0,0.0,0.0300063579723847,0.0245624781100705,0.0,0.0,-0.0004353388935271,0.0,12.0,6.5
synthetic_ir,ADASYN + RF,0.3978304787000439,0.0510588468681673,0.4970650294430535,0.0662155258427126,0.2833333333333333,0.7203373015873016,0.4422119870671123,0.529984060502091,4.0,6.0
synthetic_ir,Balanced Bagging,0.1490595771708556,0.010406407970125,0.2605118976485581,0.0199304425406437,0.7333333333333334,0.0830158610914955,0.228390944923681,0.8206722498826263,8.0,12.0
synthetic_ir,Balanced Random Forest,0.2556142445645208,0.0327738079198958,0.4131549938516128,0.082004127444938,0.6999999999999998,0.1572010390058097,0.3182271257617623,0.8201866982351759,7.0,8.0
synthetic_ir,Baseline RF,0.0218579234972677,0.0189295170226106,0.400172223023042,0.1216480382096095,0.0111111111111111,0.6666666666666666,0.0856462327355179,0.086066296582387,15.0,9.0
synthetic_ir,Borderline-SMOTE + RF,0.3810080757449178,0.1021704688593096,0.5021015538873732,0.0573539433921081,0.2555555555555555,0.8694444444444445,0.457162512841628,0.4987799723661432,6.0,4.0
synthetic_ir,Class weight LogisticRegression,0.0662396862742677,0.0239122117844086,0.1776529292415032,0.1495422953746679,0.7111111111111111,0.0347900484631895,0.1243497823867236,0.7483997340525578,13.0,14.0
synthetic_ir,Custom weighted log-loss LR,0.384778653729533,0.2746689377401229,0.3875299269137362,0.2284716769369281,0.2944444444444444,0.7060810810810811,0.4287244048678898,0.5134673081920584,5.0,10.0
synthetic_ir,EasyEnsemble,0.0677973675840263,0.0153858715139184,0.2026909971433908,0.1025502647300104,0.7944444444444444,0.0354516864179434,0.136547243478745,0.7847457821023403,12.0,13.0
synthetic_ir,RF (balanced_subsample),0.073139974779319,0.0698936013142548,0.528826134435532,0.0722329062965206,0.0388888888888888,1.0,0.1814332552585309,0.1822913414473246,11.0,1.0
synthetic_ir,RUSBoost,0.0363711191950537,0.0034292804022481,0.0184973587715799,0.0037396450609602,0.6416666666666667,0.0187750498479386,0.0634485177591872,0.6348237220206958,14.0,15.0
synthetic_ir,Random Oversampling + RF,0.1246947496947497,0.029305221663776,0.4975124527063739,0.0795926890074147,0.0666666666666666,1.0,0.2556385241089564,0.2568269406973176,9.0,5.0
synthetic_ir,Random Undersampling + RF,0.0953755546662713,0.0115324884533387,0.3186770288750979,0.0771239023604797,0.8277777777777778,0.0506494059763316,0.1803261008900472,0.8349972985072878,10.0,11.0
synthetic_ir,SMOTE + RF,0.4133520865632042,0.066871027286531,0.5104184995825295,0.0640036737891473,0.3,0.7354679802955665,0.4575037216143534,0.5437252878056495,2.5,2.5
synthetic_ir,SMOTE-ENN + RF,0.4462550503253555,0.0189135988254928,0.4952112941723908,0.0437463016312014,0.3277777777777778,0.7388344226579521,0.483738758409945,0.5713143852189347,1.0,7.0
synthetic_ir,SMOTE-Tomek + RF,0.4133520865632042,0.066871027286531,0.5104184995825295,0.0640036737891473,0.3,0.7354679802955665,0.4575037216143534,0.5437252878056495,2.5,2.5
synthetic_ir,ADASYN + RF,0.7382864174793434,0.0810730480615299,0.8210579914267395,0.0688274856428373,0.7088888888888888,0.7724861106258955,0.7143681053909406,0.832524118109596,3.0,6.0
synthetic_ir,Balanced Bagging,0.622977290986157,0.064233850720442,0.7384992315578908,0.0813028845393099,0.791111111111111,0.5148530425978056,0.5934053478106577,0.8549537218904454,7.0,11.0
synthetic_ir,Balanced Random Forest,0.7193559197779756,0.0741823014449989,0.8155140920539594,0.0711228060191798,0.7777777777777778,0.672874404292844,0.6921148655012425,0.8642051192720569,6.0,8.0
synthetic_ir,Baseline RF,0.52997888131743,0.0860010993232761,0.8336766958098573,0.048802293341173,0.3644444444444444,0.993939393939394,0.581110297819969,0.6011812784404329,10.0,5.0
synthetic_ir,Borderline-SMOTE + RF,0.7332585489786302,0.0747552975817652,0.8164596675575231,0.0724139223143254,0.6733333333333333,0.8082734157798869,0.7135799410424025,0.8129388810685475,4.0,7.0
synthetic_ir,Class weight LogisticRegression,0.3565262229425319,0.0604602485477234,0.4358297262625141,0.1174021891735577,0.7288888888888888,0.2366611981363794,0.3136213101998013,0.7437292025658477,13.0,14.0
synthetic_ir,Custom weighted log-loss LR,0.4654625770704085,0.0678896955571699,0.4831999481716798,0.0999182688999344,0.5822222222222222,0.3910162788813907,0.4128210235695556,0.724054936017534,11.0,13.0
synthetic_ir,EasyEnsemble,0.348833510012192,0.0544571619376597,0.4866684007175359,0.1137773244829985,0.7488888888888888,0.2282461449147046,0.3086846428835607,0.7443331429999196,14.0,12.0
synthetic_ir,RF (balanced_subsample),0.4477749954723639,0.1079698873367462,0.8597680969558937,0.0748139406895239,0.2933333333333333,0.992063492063492,0.5171227696894021,0.5372272480382598,12.0,2.0
synthetic_ir,RUSBoost,0.2498940971373641,0.0717106759779016,0.177916975123212,0.0988559816742408,0.4133333333333333,0.1790872836341091,0.1582643085161843,0.5759834961241133,15.0,15.0
synthetic_ir,Random Oversampling + RF,0.605219921094216,0.0822317478337607,0.8625442932031703,0.0769727127742968,0.4422222222222222,0.9765611021649668,0.6363093091411574,0.6624851885799977,9.0,1.0
synthetic_ir,Random Undersampling + RF,0.6101830518480251,0.0831114577726262,0.799014455549765,0.0737081262664346,0.8755555555555555,0.4698682190049322,0.593706817402002,0.8868754201506756,8.0,10.0
synthetic_ir,SMOTE + RF,0.7464321841680333,0.0525863032418074,0.8437897437659215,0.0740805918351818,0.6888888888888888,0.816763394320939,0.7270270845194018,0.8230824742718102,1.5,3.5
synthetic_ir,SMOTE-ENN + RF,0.7282095587233761,0.0860752504852826,0.8133492336719952,0.0800272765403965,0.7200000000000001,0.7399726789446831,0.702061526832261,0.8368879873657823,5.0,9.0
synthetic_ir,SMOTE-Tomek + RF,0.7464321841680333,0.0525863032418074,0.8437897437659215,0.0740805918351818,0.6888888888888888,0.816763394320939,0.7270270845194018,0.8230824742718102,1.5,3.5
synthetic_ir,ADASYN + RF,0.3838637721679238,0.0733250697892821,0.417363919296605,0.1237469259238318,0.3185185185185185,0.4999545371885797,0.3865338275564121,0.5614328787943342,5.0,7.0
synthetic_ir,Balanced Bagging,0.2073559184410784,0.022685536166815,0.2700513509141704,0.0222045053955903,0.7185185185185184,0.1212320966329227,0.2658455812447204,0.8002874643596704,7.0,11.0
synthetic_ir,Balanced Random Forest,0.2976974656326355,0.0300074281509653,0.3899479251923626,0.0671404854281946,0.7333333333333334,0.187699271627843,0.3480141860533252,0.8269513030876423,6.0,8.0
synthetic_ir,Baseline RF,0.0575035063113604,0.0121462188469065,0.5479942041710751,0.1417254477720576,0.0296296296296296,1.0,0.1697678745549032,0.1714065233900322,13.0,1.0
synthetic_ir,Borderline-SMOTE + RF,0.3878161312371839,0.0985842199367087,0.494848622187346,0.0930161288414075,0.2740740740740741,0.7038659015403201,0.427984028205899,0.5181976030435963,3.0,4.0
synthetic_ir,Class weight LogisticRegression,0.1065946049718167,0.0249342957864779,0.095730495110953,0.0407744764665454,0.7222222222222222,0.057606183293359,0.155134169570892,0.7392863986492434,12.0,14.0
synthetic_ir,Custom weighted log-loss LR,0.1560366164599942,0.1189013752572018,0.144521633949136,0.0764793698455323,0.1333333333333333,0.1996155638397017,0.1493081270909481,0.3274282351945341,9.0,12.0
synthetic_ir,EasyEnsemble,0.1115002543020085,0.0253959303612709,0.1202093812876281,0.0365407786038748,0.7740740740740741,0.0601518328619281,0.1683885889289683,0.7624443894659777,10.0,13.0
synthetic_ir,RF (balanced_subsample),0.0289855072463768,0.0251021856169402,0.524036033234283,0.0929086624108606,0.0148148148148148,0.6666666666666666,0.0984230992262487,0.0993807989999906,15.0,3.0
synthetic_ir,RUSBoost,0.0533807829181494,,0.0281180883390668,,0.3333333333333333,0.0290135396518375,0.0365809962398404,0.5088840368521722,14.0,15.0
synthetic_ir,Random Oversampling + RF,0.1110148643498146,0.0496252112273238,0.5285921460048181,0.0988670288615684,0.0592592592592592,1.0,0.2366014255027596,0.2388062810768477,11.0,2.0
synthetic_ir,Random Undersampling + RF,0.1650958656965331,0.0340785967738584,0.3119607606937033,0.0471878240997281,0.8518518518518517,0.0916336529665631,0.2438653722271663,0.8386432991038778,8.0,10.0
synthetic_ir,SMOTE + RF,0.4029046501783688,0.1067967278122386,0.4196257545257469,0.1209902740123196,0.3407407407407407,0.5166067939749165,0.4061305525498415,0.5765970348611857,1.5,5.5
synthetic_ir,SMOTE-ENN + RF,0.3865786047730976,0.1095972876037174,0.381430801983081,0.1358738933474523,0.3629629629629629,0.4310691986680415,0.3802543479606914,0.5964625970701368,4.0,9.0
synthetic_ir,SMOTE-Tomek + RF,0.4029046501783688,0.1067967278122386,0.4196257545257469,0.1209902740123196,0.3407407407407407,0.5166067939749165,0.4061305525498415,0.5765970348611857,1.5,5.5
real,ADASYN + RF,0.2094861660079051,0.0549108458081019,0.2910783248648249,0.0615089175438835,0.1296296296296296,0.5499999999999999,0.2620987309801858,0.3580317034258942,6.0,3.0
real,Balanced Bagging,0.1057661831433792,0.0107298001912328,0.1730584103020057,0.0584435992743012,0.7592592592592592,0.0568453352620711,0.1748481506485095,0.7886334048545142,10.0,10.0
real,Balanced Random Forest,0.1373517020989168,0.0232739177335514,0.1815398868257061,0.0223616105380087,0.7407407407407408,0.0757831874858656,0.2087657206622148,0.8017907183185112,8.0,9.0
real,Baseline RF,0.0684210526315789,0.0593127772083402,0.2819011064712979,0.0274449031061955,0.037037037037037,0.5,0.1324680092625952,0.157103804346949,13.0,5.0
real,Borderline-SMOTE + RF,0.2121212121212121,0.0524863881081477,0.2881225484546048,0.1200762579412216,0.1296296296296296,0.5833333333333334,0.2707006399124469,0.3580756295644803,5.0,4.0
real,Class weight LogisticRegression,0.1162628486704892,0.0327142977067237,0.1047121520136841,0.0192370288433234,0.4444444444444445,0.0670493091240266,0.1435272010195841,0.6335220452031997,9.0,14.0
real,Custom weighted log-loss LR,0.1734122375237357,0.0737654400003649,0.1622348824952381,0.0498912989940783,0.2222222222222222,0.1428843523280175,0.1637268582045381,0.4564270839918589,7.0,11.0
real,EasyEnsemble,0.0734452718205618,0.0049105918254739,0.1095193420487491,0.0244404882786045,0.7962962962962963,0.0385256993537248,0.1328317604957453,0.7535387729071735,12.0,13.0
real,RF (balanced_subsample),0.1,0.1,0.260515774540653,0.1556614853553295,0.0555555555555555,0.5,0.1637287678316908,0.1896474953262215,11.0,7.0
real,RUSBoost,0.0451612903225806,,0.0194329257787205,,0.3888888888888889,0.023972602739726,0.0459347405667071,0.5489470029122293,15.0,15.0
real,Random Oversampling + RF,0.2628205128205128,0.1159175725642636,0.3123050966040308,0.0614635796909218,0.1851851851851852,0.4583333333333333,0.2845509977430362,0.4222427489228574,3.0,1.0
real,Random Undersampling + RF,0.0672282682403928,0.0126046100685556,0.1121264895367968,0.0502734965297082,0.8518518518518517,0.0350051877775003,0.127900645360868,0.7503217895301298,14.0,12.0
real,SMOTE + RF,0.2757487922705314,0.0884439610346928,0.2618055463926401,0.0929850218411088,0.1851851851851852,0.546031746031746,0.3122211158349749,0.424938607966243,2.0,6.0
real,SMOTE-ENN + RF,0.2135042735042735,0.092450506805721,0.2059189630711534,0.0521271433751268,0.1481481481481481,0.3849206349206349,0.2320185275344057,0.3787314943122126,4.0,8.0
real,SMOTE-Tomek + RF,0.3035265700483092,0.1222123594958978,0.2929636778974188,0.0734589259154738,0.2037037037037037,0.6015873015873016,0.3445990854761366,0.443540629720681,1.0,2.0
real,ADASYN + RF,0.0289855072463768,0.0502043712338804,0.0410314156196236,0.0221758599012791,0.0333333333333333,0.0256410256410256,0.0218072089519021,0.1048992075623385,7.0,2.0
real,Balanced Bagging,0.0361008423918399,0.0089928719656485,0.0333570360259034,0.006667622898896,0.6,0.0186145872607178,0.0705574836892924,0.6634570883432102,6.0,7.0
real,Balanced Random Forest,0.0382730333039186,0.0076689030894124,0.0265733420308451,0.0102038319470345,0.6333333333333333,0.0197344643186428,0.077651681864214,0.6846138780326753,4.0,11.0
real,Baseline RF,0.0,0.0,0.0197790709451615,0.0099915364888506,0.0,0.0,0.0,0.0,12.5,12.0
real,Borderline-SMOTE + RF,0.0476190476190476,0.0824786098842322,0.0356632866406291,0.0197703117143875,0.0333333333333333,0.0833333333333333,0.0476032518052224,0.1052819750486044,3.0,5.0
real,Class weight LogisticRegression,0.0497097242380261,0.0042889410321588,0.0363565565716412,0.0108135079909714,0.7000000000000001,0.0257786211258697,0.1051736151843651,0.740446644093768,1.0,4.0
real,Custom weighted log-loss LR,0.0,0.0,0.0399056673744915,0.0170123833452143,0.0,0.0,-0.0037323815281571,0.0,12.5,3.0
real,EasyEnsemble,0.0370057588636823,0.0063944848181545,0.0352323514841311,0.0122695522928989,0.7999999999999999,0.0189452547036026,0.0882508232349347,0.7259333831614398,5.0,6.0
real,RF (balanced_subsample),0.0,0.0,0.0189889478329687,0.0035658320573317,0.0,0.0,0.0,0.0,12.5,14.0
real,RUSBoost,0.0179758860065765,0.0078538714461348,0.0099564288800168,0.000616469137972,0.35,0.0093112582781456,0.0155783528920879,0.4489099223691394,9.0,15.0
real,Random Oversampling + RF,0.0,0.0,0.0448544557901622,0.0256751666304051,0.0,0.0,-0.0008449694680403,0.0,12.5,1.0
real,Random Undersampling + RF,0.0274911529000081,0.0080726772259641,0.0197173667966347,0.0040422131022508,0.5,0.014138264509942,0.0426695260872557,0.5958873891558393,8.0,13.0
real,SMOTE + RF,0.0,0.0,0.0288259561051334,0.0125657396630651,0.0,0.0,-0.0063279154656184,0.0,12.5,8.0
real,SMOTE-ENN + RF,0.0485008818342151,0.0420238185447755,0.0271648191056357,0.0135886607475565,0.0666666666666666,0.0381263616557734,0.0395020628612144,0.2094145938585122,2.0,10.0
real,SMOTE-Tomek + RF,0.0,0.0,0.0283037262266127,0.0083915576330195,0.0,0.0,-0.0071285506262156,0.0,12.5,9.0
real,ADASYN + RF,0.8520945448453775,0.0189041057360268,0.8694869583856782,0.0139509290373636,0.8378378378378378,0.868651250386382,0.8524190693566759,0.915046325479261,6.0,2.0
real,Balanced Bagging,0.1127340793296945,0.0037190622253692,0.7148276096871836,0.0179928445978682,0.9121621621621622,0.0600864534361703,0.2305588297617248,0.9431034841356828,12.0,14.0
real,Balanced Random Forest,0.2184795828564737,0.0110888662537903,0.7813975105686618,0.0263704434501229,0.8896396396396397,0.1246135341815877,0.3304437527135806,0.9379749104059556,10.0,10.0
real,Baseline RF,0.8520343071111602,0.0340046493567985,0.8500418432400222,0.0232508313088829,0.7905405405405405,0.927248157707702,0.8552262194939361,0.8885592901975107,7.0,7.0
real,Borderline-SMOTE + RF,0.8661186653420891,0.019937887248862,0.8602272757502768,0.0209807700243493,0.8198198198198199,0.921263721623434,0.8681121117045082,0.905035240879688,1.0,5.0
real,Class weight LogisticRegression,0.1203770424146511,0.007064776235709,0.7654999911281676,0.0467543466872806,0.9166666666666666,0.0644393748984006,0.2395293278811413,0.946214408404161,11.0,11.0
real,Custom weighted log-loss LR,0.8136915400527807,0.0213257795579234,0.7982468245823116,0.0470005257747141,0.8175675675675675,0.8102874902874904,0.8134856173845475,0.9039034812167708,9.0,9.0
real,EasyEnsemble,0.0873507393533917,0.0028183207643737,0.7594772886497969,0.0348957429625395,0.927927927927928,0.045835478580205,0.2021528724903679,0.9469540757158031,14.0,12.0
real,RF (balanced_subsample),0.8540333037531345,0.0355425611630175,0.849382952059239,0.0214568383430366,0.7837837837837838,0.9412364367983044,0.8580376820898588,0.8847553463014842,5.0,8.0
real,RUSBoost,0.0871562326864505,0.0123046351242966,0.1225914712575941,0.0698430208355654,0.8738738738738738,0.0459179179591418,0.1955696836600956,0.9194948380005078,15.0,15.0
real,Random Oversampling + RF,0.8648848410719315,0.0222236554631254,0.8622098438607231,0.0193003610024878,0.8040540540540541,0.938536094764677,0.8678731248865198,0.896319837186531,2.0,4.0
real,Random Undersampling + RF,0.0926044730801221,0.0078328790645279,0.7590882511412825,0.0603267538772127,0.9144144144144144,0.0487813638521052,0.2071645703418799,0.9412172718127216,13.0,13.0
real,SMOTE + RF,0.8506297568532363,0.0175725813286562,0.8710258100604288,0.0170358102665296,0.8400900900900901,0.8633355204720649,0.850916890845801,0.9163046464905724,8.0,1.0
real,SMOTE-ENN + RF,0.8554120460969776,0.0185446663298348,0.8523352584242172,0.0190077139052293,0.8400900900900901,0.8727848662059188,0.8556800333641971,0.916313712287998,3.0,6.0
real,SMOTE-Tomek + RF,0.8543317483324412,0.023404859743694,0.8669363429631639,0.0126970956871618,0.8400900900900901,0.8717596887239744,0.8548820240815483,0.916191002107559,4.0,3.0
real,ADASYN + RF,0.6901538178133922,0.0103475383710726,0.7366249456899276,0.043663663842474,0.6623931623931624,0.7232664995822891,0.6844965896928024,0.8111106633366688,4.0,6.0
real,Balanced Bagging,0.4112622889457051,0.0056523026242894,0.6234197084188349,0.0290519051291343,0.8632478632478633,0.270336239546097,0.463970294695248,0.90254461647133,11.0,11.0
real,Balanced Random Forest,0.4509501064209569,0.013336071087719,0.6866009451836602,0.0432234702911835,0.8632478632478633,0.3055159984083515,0.4964350569635502,0.9067953293209128,10.0,9.0
real,Baseline RF,0.6806382275132276,0.0079841596090774,0.7611519631310948,0.0568772329034609,0.5555555555555556,0.8786111111111111,0.6932952827212908,0.7446623478400843,5.0,2.0
real,Borderline-SMOTE + RF,0.6744206671228627,0.0028472524677505,0.7293548993504474,0.0356488114040366,0.6239316239316239,0.7353534796578179,0.6700052404056235,0.7876918370131195,6.0,7.0
real,Class weight LogisticRegression,0.2781878282041494,0.0025783531908008,0.5454468598469574,0.0337302695657162,0.8205128205128206,0.1676600237559133,0.3431405917715389,0.8602168822054299,13.0,14.0
real,Custom weighted log-loss LR,0.5735428746513495,0.0281413781424216,0.5878296601163097,0.0462261656481542,0.5982905982905983,0.5511695037288046,0.5635873687382379,0.7687225064959321,9.0,13.0
real,EasyEnsemble,0.2779651891197879,0.0167801837393749,0.6472691148892059,0.0492193401355857,0.8547008547008547,0.1661251510269731,0.349201588664032,0.8755284798541436,14.0,10.0
real,RF (balanced_subsample),0.6541355013550135,0.0163226549798575,0.739196994884633,0.0397986594929322,0.5213675213675213,0.8778565799842396,0.6710131345295395,0.7213857756150981,8.0,5.0
real,RUSBoost,0.2552314229373489,0.0541107176822231,0.2384550281545237,0.117191321024091,0.6495726495726496,0.1613769225808371,0.2902087951048983,0.7688577321466529,15.0,15.0
real,Random Oversampling + RF,0.6915320201016192,0.0180937469341362,0.7556123807179201,0.0503308597006215,0.5982905982905983,0.819589291667793,0.6942756212672371,0.7722631856138515,3.0,4.0
real,Random Undersampling + RF,0.3389415785764038,0.0185372398494365,0.5967638706743811,0.0397818906591803,0.8846153846153846,0.2100475882222265,0.4078081414259875,0.9019126845767116,12.0,12.0
real,SMOTE + RF,0.6996201242721799,0.0163255528395728,0.7633016499790682,0.0474584345065852,0.6581196581196581,0.7484192266800962,0.6948345572756255,0.8088501368153745,2.0,1.0
real,SMOTE-ENN + RF,0.6648629148629149,0.0541161614959195,0.7041224136390399,0.0545184228350981,0.6923076923076924,0.6410936344693151,0.6575416493194326,0.8274675762803408,7.0,8.0
real,SMOTE-Tomek + RF,0.713558627752176,0.0384218732281749,0.7568089728629435,0.0553102609203302,0.6794871794871794,0.7543716737265124,0.7088774204199023,0.8214393799127996,1.0,3.0
synthetic_dimensionality,ADASYN + RF,0.6068813131313131,0.1625146048980612,0.5910927232614666,0.2442253436139019,0.6222222222222222,0.5940887672898617,0.599327040217494,0.7820554307455622,3.0,8.0
synthetic_dimensionality,Balanced Bagging,0.2890191895863145,0.0936682275448912,0.4217470308976763,0.1865022191419786,0.8481481481481481,0.1766809323858742,0.3594129332166162,0.878342693012082,11.0,11.0
synthetic_dimensionality,Balanced Random Forest,0.3644666203437491,0.1155660219340185,0.5477543491442479,0.2256091207568361,0.8222222222222223,0.239669886073467,0.4194277315475762,0.8792269092308115,9.0,9.0
synthetic_dimensionality,Baseline RF,0.4662547608070129,0.2513128923976986,0.6790613233784596,0.2049767908438158,0.3296296296296296,0.8946608946608947,0.5264957905050253,0.5506843783302641,7.0,1.0
synthetic_dimensionality,Borderline-SMOTE + RF,0.5942232980694518,0.1766026886440002,0.6100123999721768,0.2492306883827273,0.5518518518518518,0.6438017959536947,0.5885652318324887,0.7349972545808193,5.0,6.0
synthetic_dimensionality,Class weight LogisticRegression,0.1649398234915229,0.0667072679491802,0.3105164141837495,0.2337301793157417,0.8222222222222223,0.0927358527021113,0.2354542604032427,0.8185199789276923,14.0,14.0
synthetic_dimensionality,Custom weighted log-loss LR,0.3480226863822131,0.24490134559964,0.3766982022553661,0.2407676680967883,0.3407407407407408,0.3733075435203095,0.3417083512726867,0.5403774742518077,10.0,12.0
synthetic_dimensionality,EasyEnsemble,0.1907902969987825,0.0724361350380912,0.345382481187678,0.2444037102276716,0.8333333333333334,0.1090741682748973,0.2646810132561011,0.8388251964639565,13.0,13.0
synthetic_dimensionality,RF (balanced_subsample),0.4153180661577608,0.2633926445017617,0.6724843775732635,0.2221720717596925,0.2851851851851851,0.8666666666666667,0.4801484062211871,0.5034609786909215,8.0,2.0
synthetic_dimensionality,RUSBoost,0.1216071318388652,0.0499519925886503,0.1375313369916031,0.1338742221711107,0.5592592592592592,0.0682711218505233,0.1524524463243648,0.6804339207083974,15.0,15.0
synthetic_dimensionality,Random Oversampling + RF,0.5452492419340514,0.2141274083367653,0.6599907070076346,0.2424718017184393,0.3999999999999999,0.8888888888888888,0.5877020350405223,0.6192731331290793,6.0,3.0
synthetic_dimensionality,Random Undersampling + RF,0.233397772957505,0.0694432534325275,0.5033369312006364,0.2414455388937881,0.8740740740740741,0.1358994593530164,0.3146731597216364,0.8766468424253047,12.0,10.0
synthetic_dimensionality,SMOTE + RF,0.6198414712754814,0.1717785167359563,0.6229937495074548,0.2579925167280398,0.6407407407407407,0.6032374320444689,0.6128967412659911,0.793387192995532,2.0,5.0
synthetic_dimensionality,SMOTE-ENN + RF,0.5944006853911227,0.1628155916992809,0.605263588726034,0.2431152818898691,0.6925925925925925,0.5275746971114422,0.5927046071336362,0.8249275628575199,4.0,7.0
synthetic_dimensionality,SMOTE-Tomek + RF,0.6244126568603009,0.1644899500480992,0.6262176626263823,0.2526167965910328,0.6407407407407407,0.611195237170776,0.6173755366678145,0.793541848067874,1.0,4.0
synthetic_dimensionality,ADASYN + RF,0.1099243435692033,0.0977129174389798,0.314571455640919,0.0946998832788617,0.0629629629629629,0.4877450980392157,0.1692822791957104,0.2039765531845963,10.0,5.0
synthetic_dimensionality,Balanced Bagging,0.1900620953102452,0.01279789766103,0.2336375273904681,0.029585779807349,0.725925925925926,0.109609949496866,0.2503949994418935,0.797591176748435,4.0,11.0
synthetic_dimensionality,Balanced Random Forest,0.2590170448384966,0.0220439576340786,0.2727207756317511,0.0690724565515905,0.5888888888888889,0.1680957559496284,0.2889481784896204,0.74012318004561,2.0,8.0
synthetic_dimensionality,Baseline RF,0.0,0.0,0.2944534710569059,0.095624705655776,0.0,0.0,0.0,0.0,14.5,7.0
synthetic_dimensionality,Borderline-SMOTE + RF,0.0539563343067723,0.0497597805222775,0.3292207602189921,0.0489105138980016,0.0296296296296296,0.3888888888888889,0.1007333385687812,0.1393575879181086,12.0,4.0
synthetic_dimensionality,Class weight LogisticRegression,0.1719421708248193,0.061468813765464,0.1990829995759611,0.1080281366222495,0.7592592592592592,0.0975773214027059,0.2342377570164872,0.8002913505504056,5.0,13.0
synthetic_dimensionality,Custom weighted log-loss LR,0.2842144914152399,0.0849038115303535,0.2396251087572022,0.1374095927120941,0.3296296296296296,0.2551724137931034,0.2725987707492974,0.5596250196143515,1.0,10.0
synthetic_dimensionality,EasyEnsemble,0.1482267292993452,0.039582495419949,0.2212986842239166,0.1169384602561477,0.8037037037037037,0.0817967994432678,0.2172584792794788,0.8074411725981889,6.0,12.0
synthetic_dimensionality,RF (balanced_subsample),0.0,0.0,0.3059230504760973,0.0910008362728539,0.0,0.0,0.0,0.0,14.5,6.0
synthetic_dimensionality,RUSBoost,0.0829918718398043,0.0329372741330649,0.0331615615594873,0.0087257453009774,0.5555555555555556,0.0457231288845219,0.0971250253998711,0.6288639369712622,11.0,15.0
synthetic_dimensionality,Random Oversampling + RF,0.0218187609491957,0.0217395679606787,0.3880058410591904,0.1041894774936894,0.0111111111111111,0.6666666666666666,0.0840055784124197,0.0848268179463106,13.0,1.0
synthetic_dimensionality,Random Undersampling + RF,0.1319253001333926,0.0374185457198181,0.1979501518282919,0.0915465381277719,0.7444444444444445,0.0725171640742455,0.1897049578545773,0.7720406098859058,7.0,14.0
synthetic_dimensionality,SMOTE + RF,0.1104152615858945,0.0979644790190087,0.3572072711389964,0.0991680889198364,0.0629629629629629,0.5294117647058824,0.1754685056707984,0.203986882894631,8.5,2.5
synthetic_dimensionality,SMOTE-ENN + RF,0.2035933391761612,0.0969682516070563,0.2491926800131044,0.1127375448550552,0.1555555555555555,0.3716894977168949,0.2206685870591807,0.3772841550307601,3.0,9.0
synthetic_dimensionality,SMOTE-Tomek + RF,0.1104152615858945,0.0979644790190087,0.3572072711389964,0.0991680889198364,0.0629629629629629,0.5294117647058824,0.1754685056707984,0.203986882894631,8.5,2.5
synthetic_dimensionality,ADASYN + RF,0.5902206320810972,0.0834714832274497,0.6708925204136014,0.0674448298439058,0.5111111111111112,0.7236757822123675,0.5971278737862056,0.7096202776766763,1.0,6.0
synthetic_dimensionality,Balanced Bagging,0.2912618668867378,0.064397211244307,0.4417728727339598,0.120815915402193,0.825925925925926,0.1781173323016532,0.3590665965670368,0.8712803899960836,9.0,11.0
synthetic_dimensionality,Balanced Random Forest,0.3498487591054211,0.0670463252757019,0.555852433860624,0.0949655091886467,0.8296296296296296,0.2239646836025962,0.4094418686880594,0.8820161441291708,8.0,9.0
synthetic_dimensionality,Baseline RF,0.2380354309888948,0.2499995717834817,0.6499723872770461,0.1348189082946494,0.1518518518518518,1.0,0.343045188012003,0.3456859565273868,10.0,8.0
synthetic_dimensionality,Borderline-SMOTE + RF,0.5372601029820775,0.1276877463703483,0.6790645901622016,0.0510410519168946,0.4296296296296296,0.770760765308698,0.561209516049043,0.6470994198922874,5.0,5.0
synthetic_dimensionality,Class weight LogisticRegression,0.1757895511794646,0.1034935593510226,0.2624153364822693,0.2978999123933331,0.8333333333333334,0.1001915421574088,0.2446762675620447,0.8206428548448423,12.0,14.0
synthetic_dimensionality,Custom weighted log-loss LR,0.3634825213772583,0.2016173647795035,0.3542955814924197,0.2771294144760077,0.374074074074074,0.4117432802428539,0.366724133708787,0.5768631412940385,6.0,12.0
synthetic_dimensionality,EasyEnsemble,0.1712519602417245,0.0717735712052724,0.2643533007200025,0.236517106494131,0.8444444444444444,0.0959424189397721,0.2466849404290095,0.8333205517597921,13.0,13.0
synthetic_dimensionality,RF (balanced_subsample),0.1648812296227293,0.2014200469980949,0.7155916097872673,0.0578529758186722,0.0999999999999999,0.6521739130434783,0.2376855122769313,0.2433535183375597,14.0,2.0
synthetic_dimensionality,RUSBoost,0.0902175653817689,0.0086815781315413,0.0458229117695564,0.015260974134858,0.6074074074074074,0.0493486252406336,0.1187351271776429,0.6652471860865482,15.0,15.0
synthetic_dimensionality,Random Oversampling + RF,0.3503496503496503,0.2205769999794792,0.7231874204897606,0.0546075007698596,0.2296296296296296,0.9916666666666668,0.4502077219647538,0.4562801757143314,7.0,1.0
synthetic_dimensionality,Random Undersampling + RF,0.2235402841783627,0.0635662964633565,0.4588540800419874,0.147635547255494,0.8925925925925925,0.1290234948023471,0.3086188145446382,0.8808539327332793,11.0,10.0
synthetic_dimensionality,SMOTE + RF,0.5836700933475126,0.1136185666837777,0.6966091019836318,0.0817936534453441,0.4962962962962963,0.7416666666666667,0.5946099144830924,0.6976890532801324,2.5,3.5
synthetic_dimensionality,SMOTE-ENN + RF,0.5652054247076872,0.1003122514908009,0.6559482946473456,0.1026336967232003,0.5148148148148148,0.6549297784300536,0.567556981942396,0.7099002516611558,4.0,7.0
synthetic_dimensionality,SMOTE-Tomek + RF,0.5836700933475126,0.1136185666837777,0.6966091019836318,0.0817936534453441,0.4962962962962963,0.7416666666666667,0.5946099144830924,0.6976890532801324,2.5,3.5
synthetic_dimensionality,ADASYN + RF,0.2406194264601344,0.1048201476296711,0.4362634675190859,0.0731872647762982,0.1555555555555555,0.639291465378422,0.2988564427350518,0.3833291616556766,7.0,6.0
synthetic_dimensionality,Balanced Bagging,0.2095880800507152,0.026324110636913,0.3165995053295056,0.0500560717924012,0.7740740740740741,0.1212220210219452,0.2773337088176167,0.8273581871558698,8.0,11.0
synthetic_dimensionality,Balanced Random Forest,0.3218086872875185,0.0245717858118456,0.4345937030938014,0.0696194819780643,0.7333333333333334,0.2079807255592568,0.3684964585168915,0.828843601894412,2.0,8.0
synthetic_dimensionality,Baseline RF,0.0572001779963344,0.03219378581852,0.4349498069493948,0.1458497004968575,0.0296296296296296,1.0,0.1646830061782405,0.1662673172839644,14.0,7.0
synthetic_dimensionality,Borderline-SMOTE + RF,0.2426090463977843,0.0560753786709159,0.4718687195476619,0.0519486549496769,0.1518518518518518,0.6788575409265064,0.3088927683748995,0.3861490337173021,6.0,4.0
synthetic_dimensionality,Class weight LogisticRegression,0.1668378106760124,0.0462310879222903,0.2210413946894288,0.1157263941651666,0.8185185185185185,0.0932064095710299,0.2395542182298562,0.8247300229256536,10.0,14.0
synthetic_dimensionality,Custom weighted log-loss LR,0.3102253302253302,0.1187008673551922,0.2780442964101895,0.1457321195823211,0.3481481481481481,0.2903447776329132,0.3006531048344881,0.5690576274618382,3.0,12.0
synthetic_dimensionality,EasyEnsemble,0.1559827028874849,0.0513007522696263,0.238664532895943,0.1256467120024177,0.8296296296296296,0.0864787440735019,0.228368519874641,0.81934011815257,11.0,13.0
synthetic_dimensionality,RF (balanced_subsample),0.0073260073260073,0.0126890169052665,0.450006151749116,0.0741346295299111,0.0037037037037037,0.3333333333333333,0.0347940287992953,0.0351364184463153,15.0,5.0
synthetic_dimensionality,RUSBoost,0.0943912456637289,0.0278471049770404,0.0504928975108441,0.0256265159345385,0.5851851851851851,0.0515136149367786,0.122337659232225,0.6685542014241599,12.0,15.0
synthetic_dimensionality,Random Oversampling + RF,0.0776506483600305,0.0314104659977945,0.5074250460387609,0.0546070667504682,0.0407407407407407,0.9333333333333332,0.1890045453864195,0.1985228479976453,13.0,1.0
synthetic_dimensionality,Random Undersampling + RF,0.179763077455009,0.0276201523443067,0.3364900813911515,0.0572991901474823,0.8814814814814814,0.1001707493894994,0.2647269718593367,0.8599872099607446,9.0,10.0
synthetic_dimensionality,SMOTE + RF,0.270758460404739,0.0515024227800616,0.4738434285890314,0.0586887552998217,0.1703703703703703,0.7028571428571428,0.3367593551940862,0.4101432698358278,4.5,2.5
synthetic_dimensionality,SMOTE-ENN + RF,0.3406906906906906,0.056660746287881,0.4302983946312069,0.0527606363273193,0.2481481481481481,0.5835249042145594,0.3682020912055928,0.4936915179879009,1.0,9.0
synthetic_dimensionality,SMOTE-Tomek + RF,0.270758460404739,0.0515024227800616,0.4738434285890314,0.0586887552998217,0.1703703703703703,0.7028571428571428,0.3367593551940862,0.4101432698358278,4.5,2.5
synthetic_class_sep,ADASYN + RF,0.304393513905245,0.0750883073710798,0.332188551208055,0.1092118165921599,0.2444444444444444,0.4180416156670746,0.3068476348273181,0.4911753691941637,3.0,7.0
synthetic_class_sep,Balanced Bagging,0.2042650623420566,0.0180666939988301,0.2829194649745782,0.0465557917255032,0.7148148148148148,0.1192381927605314,0.2619873415471642,0.7992477224577884,7.0,10.0
synthetic_class_sep,Balanced Random Forest,0.2699295561406805,0.0597215636029696,0.3149093868548454,0.0744200593425907,0.6555555555555556,0.1722979158649078,0.3093637318010978,0.7810411985418474,6.0,8.0
synthetic_class_sep,Baseline RF,0.0363115145723841,0.0124131687116737,0.4591608925156699,0.1137166965786518,0.0185185185185185,1.0,0.1332171280255441,0.134517217446306,14.0,2.0
synthetic_class_sep,Borderline-SMOTE + RF,0.3334495028206996,0.0903794905140365,0.4298248820527141,0.1248401990517914,0.2148148148148148,0.7548945307565997,0.3964284396261291,0.4598197851832623,1.0,4.0
synthetic_class_sep,Class weight LogisticRegression,0.0793223448581653,0.0124250250151083,0.0554803977750245,0.0195325712635629,0.6666666666666666,0.0421854491613645,0.108449432803692,0.680084941913447,10.0,14.0
synthetic_class_sep,Custom weighted log-loss LR,0.0714097496706192,0.0650450871947465,0.0939587822177987,0.0554201737642497,0.0444444444444444,0.1833333333333333,0.083945978487616,0.1712204807202672,11.0,12.0
synthetic_class_sep,EasyEnsemble,0.0832615382446554,0.0149891205175257,0.080115937854972,0.0235330205386354,0.6962962962962963,0.0442904351923233,0.1181129032769118,0.6958895610041725,9.0,13.0
synthetic_class_sep,RF (balanced_subsample),0.0144927536231884,0.0251021856169402,0.4554232221393737,0.1347662442024233,0.0074074074074074,0.3333333333333333,0.0492115496131243,0.0496903994999953,15.0,3.0
synthetic_class_sep,RUSBoost,0.0497991967871485,,0.0220988597459185,,0.3444444444444444,0.0268398268398268,0.0302461592275436,0.5083403156776077,13.0,15.0
synthetic_class_sep,Random Oversampling + RF,0.0554359729617461,0.077764745536354,0.4632103438900909,0.1181257650440109,0.0296296296296296,0.6666666666666666,0.1262147352726574,0.1280986436167681,12.0,1.0
synthetic_class_sep,Random Undersampling + RF,0.1353281733807299,0.0228399222257814,0.2793937134978659,0.0830465044018485,0.825925925925926,0.0738415405999717,0.2062024798134515,0.8065048394438676,8.0,11.0
synthetic_class_sep,SMOTE + RF,0.2929945312697896,0.0843646861655224,0.3451867322381443,0.1190860887837801,0.2259259259259259,0.4328954599132438,0.3005394465571276,0.4712395627551118,4.5,5.5
synthetic_class_sep,SMOTE-ENN + RF,0.3292226471838122,0.1247469088083126,0.3099557369831495,0.1673574801468535,0.2962962962962963,0.3910906236696467,0.3240601115565361,0.5385638065672357,2.0,9.0
synthetic_class_sep,SMOTE-Tomek + RF,0.2929945312697896,0.0843646861655224,0.3451867322381443,0.1190860887837801,0.2259259259259259,0.4328954599132438,0.3005394465571276,0.4712395627551118,4.5,5.5
synthetic_class_sep,ADASYN + RF,0.5393090569561158,0.1118336011032516,0.6140043991372052,0.1119192839039783,0.4592592592592592,0.6661111111111112,0.5435007440598406,0.6732859990729813,4.0,7.0
synthetic_class_sep,Balanced Bagging,0.2738046844380638,0.0090465179003711,0.4374740429646168,0.0502068520917847,0.8074074074074075,0.1648889754296387,0.3414530539271232,0.8607899557663896,9.0,11.0
synthetic_class_sep,Balanced Random Forest,0.3552673484344994,0.0384128956311907,0.5187518402271499,0.0567292968844147,0.7925925925925926,0.2299799204735096,0.4074256563904244,0.8644465639611815,6.0,9.0
synthetic_class_sep,Baseline RF,0.1741251524533258,0.0653559457825674,0.6697657454475422,0.1438309530218327,0.0962962962962962,1.0,0.3029837029262539,0.3056927993608215,11.0,2.0
synthetic_class_sep,Borderline-SMOTE + RF,0.5422790542790542,0.0918260925377996,0.6421681875769785,0.1113302167535194,0.4259259259259259,0.7738319856244384,0.5639907018678035,0.6488394182497147,3.0,4.0
synthetic_class_sep,Class weight LogisticRegression,0.1721893872297299,0.0588905385668295,0.2290954468172592,0.113147355585837,0.8074074074074074,0.0967916489195406,0.242853234371284,0.8217399766564885,12.0,14.0
synthetic_class_sep,Custom weighted log-loss LR,0.3257889049318477,0.1481322692079615,0.289953677242216,0.1438130758032808,0.3518518518518518,0.3177132391418105,0.3173160213910128,0.5672209479777645,7.0,12.0
synthetic_class_sep,EasyEnsemble,0.1667112087982885,0.0522307699066798,0.250156940197805,0.1018282357259531,0.8185185185185185,0.0932009771140376,0.2389466118537007,0.8235678143007613,13.0,13.0
synthetic_class_sep,RF (balanced_subsample),0.1106096425245361,0.0441729412919636,0.6568237957671527,0.1036052992929306,0.0592592592592592,0.9629629629629628,0.2318545250687343,0.239915429860722,14.0,3.0
synthetic_class_sep,RUSBoost,0.081496368811287,0.0107386418909408,0.0387945244029407,0.0028826618705689,0.5611111111111111,0.0442648898058972,0.103336076603449,0.6363377889995545,15.0,15.0
synthetic_class_sep,Random Oversampling + RF,0.3039111250574599,0.0763987731454039,0.6756146057688577,0.0952711595752629,0.1814814814814815,0.9824561403508772,0.4152554539770713,0.4227237908402185,8.0,1.0
synthetic_class_sep,Random Undersampling + RF,0.2066975763782236,0.0363265696703073,0.4686875612908037,0.0803575101689627,0.8925925925925927,0.1170535639495784,0.2938209641488006,0.877403097456367,10.0,10.0
synthetic_class_sep,SMOTE + RF,0.5581783917157234,0.0942680839086237,0.6362057877095064,0.1129082069886891,0.4666666666666666,0.7212254497085975,0.5689387594998566,0.6794376461479886,1.5,5.5
synthetic_class_sep,SMOTE-ENN + RF,0.5383651436283016,0.0811451568776086,0.6106984556180756,0.109671436139319,0.4740740740740741,0.639707028206327,0.5397168880365264,0.6852719992531937,5.0,8.0
synthetic_class_sep,SMOTE-Tomek + RF,0.5581783917157234,0.0942680839086237,0.6362057877095064,0.1129082069886891,0.4666666666666666,0.7212254497085975,0.5689387594998566,0.6794376461479886,1.5,5.5
synthetic_class_sep,ADASYN + RF,0.873206635877611,0.0987333297750478,0.9636108048237148,0.0435382808955407,0.7962962962962963,0.97452636968766,0.877285113219601,0.8897993719959917,4.0,5.0
synthetic_class_sep,Balanced Bagging,0.5727138926171528,0.0504906137313034,0.8282750578383732,0.0747870887609941,0.9629629629629628,0.4087886622697438,0.6168343839378093,0.9671347099950536,13.0,13.0
synthetic_class_sep,Balanced Random Forest,0.7650899492826168,0.0416904956920103,0.9344828472989398,0.0552991334199447,0.9518518518518518,0.6401882150927952,0.7754011425587047,0.9701058162153704,9.0,9.0
synthetic_class_sep,Baseline RF,0.7687514670422294,0.1636381298183977,0.9461249427828742,0.0572170895167551,0.6481481481481481,0.9904449904449903,0.7903307136422818,0.797146207023634,8.0,8.0
synthetic_class_sep,Borderline-SMOTE + RF,0.8612826809186768,0.0926813182591298,0.9604986125130458,0.047836233066902,0.774074074074074,0.9792682926829268,0.8668071853388294,0.8774430544295352,5.0,7.0
synthetic_class_sep,Class weight LogisticRegression,0.5856083972665028,0.2520247850708122,0.8470083937940345,0.1916838323500858,0.9592592592592591,0.4463121708436144,0.6268498568135407,0.960795370461102,12.0,12.0
synthetic_class_sep,Custom weighted log-loss LR,0.7722440870748372,0.1909589519022833,0.8565428639405342,0.1831641918499336,0.837037037037037,0.7172874430300172,0.7697832993760202,0.9078407601912368,7.0,11.0
synthetic_class_sep,EasyEnsemble,0.5525948336459426,0.2061521128071278,0.8180227992387543,0.1899374436947512,0.9407407407407408,0.4043798226103193,0.5959459087654763,0.951893231732717,14.0,14.0
synthetic_class_sep,RF (balanced_subsample),0.7533667099717989,0.1014034784698455,0.9613149975302392,0.0395005546025502,0.6111111111111112,1.0,0.7758570875200466,0.77879865331504,10.0,6.0
synthetic_class_sep,RUSBoost,0.2381836019500329,0.1293899031615917,0.2892733950377828,0.2350142639157695,0.8111111111111112,0.1425642832511869,0.3013821651076728,0.836546153805493,15.0,15.0
synthetic_class_sep,Random Oversampling + RF,0.8158093482750953,0.0975504629032581,0.9678254898179794,0.0329392686887782,0.6962962962962963,1.0,0.8292617593926438,0.8317013062473967,6.0,4.0
synthetic_class_sep,Random Undersampling + RF,0.5968571360800778,0.0869987587038841,0.9015551431448864,0.0846008603103157,0.9703703703703704,0.4336103891617707,0.6379019872485236,0.9719421486898424,11.0,10.0
synthetic_class_sep,SMOTE + RF,0.8837664678059527,0.0865409269284429,0.9715339815992318,0.0347736011047086,0.8148148148148149,0.9711899211899212,0.8864696531562944,0.9006528021990169,2.5,1.5
synthetic_class_sep,SMOTE-ENN + RF,0.8908011114248761,0.088382763856562,0.9694794839900306,0.034999504667361,0.825925925925926,0.9711561241411988,0.8928471580936974,0.9068995726766182,1.0,3.0
synthetic_class_sep,SMOTE-Tomek + RF,0.8837664678059527,0.0865409269284429,0.9715339815992318,0.0347736011047086,0.8148148148148149,0.9711899211899212,0.8864696531562944,0.9006528021990169,2.5,1.5
synthetic_noise,ADASYN + RF,0.5393090569561158,0.1118336011032516,0.6140043991372052,0.1119192839039783,0.4592592592592592,0.6661111111111112,0.5435007440598406,0.6732859990729813,4.0,7.0
synthetic_noise,Balanced Bagging,0.2738046844380638,0.0090465179003711,0.4374740429646168,0.0502068520917847,0.8074074074074075,0.1648889754296387,0.3414530539271232,0.8607899557663896,9.0,11.0
synthetic_noise,Balanced Random Forest,0.3552673484344994,0.0384128956311907,0.5187518402271499,0.0567292968844147,0.7925925925925926,0.2299799204735096,0.4074256563904244,0.8644465639611815,6.0,9.0
synthetic_noise,Baseline RF,0.1741251524533258,0.0653559457825674,0.6697657454475422,0.1438309530218327,0.0962962962962962,1.0,0.3029837029262539,0.3056927993608215,11.0,2.0
synthetic_noise,Borderline-SMOTE + RF,0.5422790542790542,0.0918260925377996,0.6421681875769785,0.1113302167535194,0.4259259259259259,0.7738319856244384,0.5639907018678035,0.6488394182497147,3.0,4.0
synthetic_noise,Class weight LogisticRegression,0.1721893872297299,0.0588905385668295,0.2290954468172592,0.113147355585837,0.8074074074074074,0.0967916489195406,0.242853234371284,0.8217399766564885,12.0,14.0
synthetic_noise,Custom weighted log-loss LR,0.3257889049318477,0.1481322692079615,0.289953677242216,0.1438130758032808,0.3518518518518518,0.3177132391418105,0.3173160213910128,0.5672209479777645,7.0,12.0
synthetic_noise,EasyEnsemble,0.1667112087982885,0.0522307699066798,0.250156940197805,0.1018282357259531,0.8185185185185185,0.0932009771140376,0.2389466118537007,0.8235678143007613,13.0,13.0
synthetic_noise,RF (balanced_subsample),0.1106096425245361,0.0441729412919636,0.6568237957671527,0.1036052992929306,0.0592592592592592,0.9629629629629628,0.2318545250687343,0.239915429860722,14.0,3.0
synthetic_noise,RUSBoost,0.081496368811287,0.0107386418909408,0.0387945244029407,0.0028826618705689,0.5611111111111111,0.0442648898058972,0.103336076603449,0.6363377889995545,15.0,15.0
synthetic_noise,Random Oversampling + RF,0.3039111250574599,0.0763987731454039,0.6756146057688577,0.0952711595752629,0.1814814814814815,0.9824561403508772,0.4152554539770713,0.4227237908402185,8.0,1.0
synthetic_noise,Random Undersampling + RF,0.2066975763782236,0.0363265696703073,0.4686875612908037,0.0803575101689627,0.8925925925925927,0.1170535639495784,0.2938209641488006,0.877403097456367,10.0,10.0
synthetic_noise,SMOTE + RF,0.5581783917157234,0.0942680839086237,0.6362057877095064,0.1129082069886891,0.4666666666666666,0.7212254497085975,0.5689387594998566,0.6794376461479886,1.5,5.5
synthetic_noise,SMOTE-ENN + RF,0.5383651436283016,0.0811451568776086,0.6106984556180756,0.109671436139319,0.4740740740740741,0.639707028206327,0.5397168880365264,0.6852719992531937,5.0,8.0
synthetic_noise,SMOTE-Tomek + RF,0.5581783917157234,0.0942680839086237,0.6362057877095064,0.1129082069886891,0.4666666666666666,0.7212254497085975,0.5689387594998566,0.6794376461479886,1.5,5.5
synthetic_noise,ADASYN + RF,0.5430417128091546,0.107156253126994,0.6130988903506892,0.1004203776467833,0.4666666666666666,0.6631746031746032,0.5464170305793855,0.6790592265153935,5.0,8.0
synthetic_noise,Balanced Bagging,0.2799096432466116,0.0063955558446156,0.4216743841018341,0.0565750993675212,0.8111111111111112,0.1692341214185534,0.3474584238928988,0.8635667109176645,9.0,11.0
synthetic_noise,Balanced Random Forest,0.3615200607902007,0.0432825160098143,0.5113423709295495,0.0923715868237688,0.7925925925925926,0.2360715222514994,0.4125238608973928,0.8649833668688368,6.0,9.0
synthetic_noise,Baseline RF,0.1861263525733378,0.0705723941559723,0.6845474401041486,0.1240558729328355,0.1037037037037037,1.0,0.3140351912101211,0.3168178604852257,11.0,1.0
synthetic_noise,Borderline-SMOTE + RF,0.5490880647130648,0.0948850973076883,0.6526329265631238,0.1125376888889745,0.4333333333333333,0.7715576820839979,0.5689509958288071,0.6544127093537718,4.0,4.0
synthetic_noise,Class weight LogisticRegression,0.1714848815834515,0.0577709037703926,0.2282285648102668,0.1135819388583465,0.8037037037037037,0.0964041032508533,0.2415435441733787,0.8199420100932259,13.0,14.0
synthetic_noise,Custom weighted log-loss LR,0.3256876711635301,0.1479303555013014,0.2901329787131352,0.1453336349756963,0.3518518518518518,0.3176696985312034,0.3172229136996223,0.5674250043462549,7.0,12.0
synthetic_noise,EasyEnsemble,0.172909991934217,0.0522651922664053,0.2485884176891046,0.1033961394424455,0.8296296296296296,0.0968986098045364,0.2475514798156975,0.8321855014755855,12.0,13.0
synthetic_noise,RF (balanced_subsample),0.1110148643498146,0.0496252112273238,0.6570231696342804,0.0999275181141002,0.0592592592592592,1.0,0.2366014255027596,0.2388062810768477,14.0,2.0
synthetic_noise,RUSBoost,0.0792024037991535,0.0072979142096503,0.046553602207813,0.0171375936811982,0.6185185185185186,0.0425456790022497,0.105400279622753,0.655023850387776,15.0,15.0
synthetic_noise,Random Oversampling + RF,0.2857190523857191,0.0755000539693445,0.6550635042430063,0.0920884792483873,0.1703703703703703,0.9497354497354498,0.393920529856159,0.4090882367554394,8.0,3.0
synthetic_noise,Random Undersampling + RF,0.2145124978791214,0.0427614693673394,0.4716150408008568,0.1001560642308766,0.9037037037037038,0.1220587208076647,0.3030385367625728,0.8845244305178032,10.0,10.0
synthetic_noise,SMOTE + RF,0.5627893107645013,0.0830280769902226,0.6322675493026882,0.0985616702827929,0.4703703703703703,0.7191642005201327,0.5718105945038635,0.6825221744288962,2.5,5.5
synthetic_noise,SMOTE-ENN + RF,0.5727350910505234,0.1147189625221784,0.6188379561728673,0.1083690678567315,0.5111111111111111,0.6668947539915283,0.5734453102122625,0.710617608477559,1.0,7.0
synthetic_noise,SMOTE-Tomek + RF,0.5627893107645013,0.0830280769902226,0.6322675493026882,0.0985616702827929,0.4703703703703703,0.7191642005201327,0.5718105945038635,0.6825221744288962,2.5,5.5
synthetic_noise,ADASYN + RF,0.5238969459212879,0.1039531061811771,0.6078910908430255,0.105594447843449,0.4444444444444444,0.6541783380018674,0.5287826637739638,0.6632145444951391,4.0,7.0
synthetic_noise,Balanced Bagging,0.2846717713811098,0.0155119928938186,0.443046938920611,0.040788296693441,0.8296296296296296,0.1718823996223994,0.3550591093894842,0.8729146047389774,9.0,11.0
synthetic_noise,Balanced Random Forest,0.3652704634272536,0.0472628257364445,0.5142118453631158,0.0488629293505054,0.7999999999999999,0.2381175830496062,0.4170663135328862,0.8689308335835206,6.0,9.0
synthetic_noise,Baseline RF,0.1801857585139319,0.0672418452139637,0.681322609965874,0.1313999992426764,0.0999999999999999,1.0,0.3086469462008985,0.3113946551329866,11.0,1.0
synthetic_noise,Borderline-SMOTE + RF,0.5154786852741554,0.0984962894542424,0.6213012711164708,0.0870130274674987,0.4037037037037037,0.7395963513610573,0.5361111024896759,0.6312437782304768,5.0,6.0
synthetic_noise,Class weight LogisticRegression,0.1724408546035361,0.0587760774045293,0.2274338374118454,0.1140032543035108,0.8074074074074074,0.0969657669179499,0.2430416270852779,0.8217651533109791,12.0,14.0
synthetic_noise,Custom weighted log-loss LR,0.3211588709908978,0.1452471441458369,0.2869256262490581,0.1461172754897507,0.3518518518518518,0.3105311033355097,0.3129159095842769,0.5672268212642032,7.0,12.0
synthetic_noise,EasyEnsemble,0.1662151639261666,0.0494026452998821,0.2459947085360027,0.094664283562866,0.8148148148148148,0.0928689717124913,0.238303953787542,0.822847974299107,13.0,13.0
synthetic_noise,RF (balanced_subsample),0.1117021276595744,0.0230325905261818,0.6595453146187508,0.098641927143638,0.0592592592592592,1.0,0.2401589849402726,0.2424054300574047,14.0,2.0
synthetic_noise,RUSBoost,0.0846401565913761,0.0143847213814378,0.0481324973258623,0.0159151603804333,0.6111111111111112,0.045653295801079,0.1129664489220812,0.6635035319056769,15.0,15.0
synthetic_noise,Random Oversampling + RF,0.2907623219549824,0.0822484435558035,0.6577177928010794,0.0936770169668982,0.174074074074074,0.9490392648287383,0.397815892529289,0.4130674583680899,8.0,3.0
synthetic_noise,Random Undersampling + RF,0.2062419737874565,0.0364175137762622,0.4558888264299698,0.0747785121349729,0.8777777777777778,0.1170450016147366,0.2909031448845574,0.870998385704881,10.0,10.0
synthetic_noise,SMOTE + RF,0.5642225221172589,0.0892896263694046,0.6412352191343947,0.0923523157707259,0.4703703703703704,0.7380658436213992,0.5770755814862017,0.6823479412741641,1.5,4.5
synthetic_noise,SMOTE-ENN + RF,0.5357770312305586,0.0789504238520344,0.6030837452178822,0.0986437022473376,0.474074074074074,0.643202614379085,0.539216040221267,0.6849075622912218,3.0,8.0
synthetic_noise,SMOTE-Tomek + RF,0.5642225221172589,0.0892896263694046,0.6412352191343947,0.0923523157707259,0.4703703703703704,0.7380658436213992,0.5770755814862017,0.6823479412741641,1.5,4.5
synthetic_noise,ADASYN + RF,0.5403482352799304,0.0799090097256609,0.6127002663074946,0.0865951030329563,0.4592592592592592,0.6817510880853198,0.5479359978959025,0.6741689377744842,5.0,7.0
synthetic_noise,Balanced Bagging,0.2741740000454783,0.0209955498784223,0.4028021707667499,0.0231514908795027,0.8185185185185185,0.164674772075971,0.3438331572552585,0.8657668919158906,9.0,11.0
synthetic_noise,Balanced Random Forest,0.3578882543948046,0.0376422507298835,0.5209527030664239,0.0753678578476061,0.7962962962962963,0.2315827680926331,0.4102490311321412,0.8672469772049368,6.0,9.0
synthetic_noise,Baseline RF,0.1434210526315789,0.0499826839821646,0.663136936025392,0.1452193751963227,0.0777777777777777,1.0,0.2732462621743408,0.2757448278253367,13.0,1.0
synthetic_noise,Borderline-SMOTE + RF,0.5501806684733515,0.1169981099187352,0.6225972288460931,0.0800862248499687,0.4407407407407407,0.7717973384640051,0.571090449087702,0.6573880536740968,4.0,6.0
synthetic_noise,Class weight LogisticRegression,0.1735110968472383,0.0590506303090384,0.2254361168016233,0.1150077672793474,0.8111111111111112,0.0976053982633383,0.244656042911309,0.8236154370250802,11.0,14.0
synthetic_noise,Custom weighted log-loss LR,0.3082631491130261,0.1491432826612456,0.2838442670663122,0.146970417375619,0.3407407407407407,0.2935409675515149,0.2990420959310176,0.5560536952685634,7.0,12.0
synthetic_noise,EasyEnsemble,0.1641204768695405,0.0513906821884113,0.2430263401434682,0.0943650174279725,0.8074074074074074,0.0917079318684553,0.2346255705071889,0.8180611484545892,12.0,13.0
synthetic_noise,RF (balanced_subsample),0.1047030612780704,0.0399098317055388,0.6610846519280121,0.0928891206051681,0.0555555555555555,1.0,0.2302304932692881,0.2323877072473099,14.0,3.0
synthetic_noise,RUSBoost,0.0843896832640367,0.0212492961658669,0.0398339469169489,0.0072984527857313,0.5444444444444444,0.0459589075672674,0.1063174268808435,0.6353151843646268,15.0,15.0
synthetic_noise,Random Oversampling + RF,0.2746237889095032,0.0964868721792319,0.6629939925268712,0.0975253389217321,0.1629629629629629,0.9666666666666668,0.3864024982565181,0.3974900653853741,8.0,2.0
synthetic_noise,Random Undersampling + RF,0.2116884368418773,0.0456033408801739,0.4591371687380166,0.0860102477422307,0.888888888888889,0.1205044898913615,0.2976877026378329,0.8771923893577592,10.0,10.0
synthetic_noise,SMOTE + RF,0.5576916017971683,0.0793275687315477,0.6365909533913308,0.0861269762632901,0.4703703703703704,0.7178569788119189,0.5687089598466722,0.6815880817040482,2.5,4.5
synthetic_noise,SMOTE-ENN + RF,0.5586851744746482,0.1271619551690295,0.583616819172425,0.1054190162260765,0.5074074074074074,0.6391228070175439,0.5581436356337525,0.707081492468511,1.0,8.0
synthetic_noise,SMOTE-Tomek + RF,0.5576916017971683,0.0793275687315477,0.6365909533913308,0.0861269762632901,0.4703703703703704,0.7178569788119189,0.5687089598466722,0.6815880817040482,2.5,4.5
synthetic_label_noise,ADASYN + RF,0.5393090569561158,0.1118336011032516,0.6140043991372052,0.1119192839039783,0.4592592592592592,0.6661111111111112,0.5435007440598406,0.6732859990729813,4.0,7.0
synthetic_label_noise,Balanced Bagging,0.2738046844380638,0.0090465179003711,0.4374740429646168,0.0502068520917847,0.8074074074074075,0.1648889754296387,0.3414530539271232,0.8607899557663896,9.0,11.0
synthetic_label_noise,Balanced Random Forest,0.3552673484344994,0.0384128956311907,0.5187518402271499,0.0567292968844147,0.7925925925925926,0.2299799204735096,0.4074256563904244,0.8644465639611815,6.0,9.0
synthetic_label_noise,Baseline RF,0.1741251524533258,0.0653559457825674,0.6697657454475422,0.1438309530218327,0.0962962962962962,1.0,0.3029837029262539,0.3056927993608215,11.0,2.0
synthetic_label_noise,Borderline-SMOTE + RF,0.5422790542790542,0.0918260925377996,0.6421681875769785,0.1113302167535194,0.4259259259259259,0.7738319856244384,0.5639907018678035,0.6488394182497147,3.0,4.0
synthetic_label_noise,Class weight LogisticRegression,0.1721893872297299,0.0588905385668295,0.2290954468172592,0.113147355585837,0.8074074074074074,0.0967916489195406,0.242853234371284,0.8217399766564885,12.0,14.0
synthetic_label_noise,Custom weighted log-loss LR,0.3257889049318477,0.1481322692079615,0.289953677242216,0.1438130758032808,0.3518518518518518,0.3177132391418105,0.3173160213910128,0.5672209479777645,7.0,12.0
synthetic_label_noise,EasyEnsemble,0.1667112087982885,0.0522307699066798,0.250156940197805,0.1018282357259531,0.8185185185185185,0.0932009771140376,0.2389466118537007,0.8235678143007613,13.0,13.0
synthetic_label_noise,RF (balanced_subsample),0.1106096425245361,0.0441729412919636,0.6568237957671527,0.1036052992929306,0.0592592592592592,0.9629629629629628,0.2318545250687343,0.239915429860722,14.0,3.0
synthetic_label_noise,RUSBoost,0.081496368811287,0.0107386418909408,0.0387945244029407,0.0028826618705689,0.5611111111111111,0.0442648898058972,0.103336076603449,0.6363377889995545,15.0,15.0
synthetic_label_noise,Random Oversampling + RF,0.3039111250574599,0.0763987731454039,0.6756146057688577,0.0952711595752629,0.1814814814814815,0.9824561403508772,0.4152554539770713,0.4227237908402185,8.0,1.0
synthetic_label_noise,Random Undersampling + RF,0.2066975763782236,0.0363265696703073,0.4686875612908037,0.0803575101689627,0.8925925925925927,0.1170535639495784,0.2938209641488006,0.877403097456367,10.0,10.0
synthetic_label_noise,SMOTE + RF,0.5581783917157234,0.0942680839086237,0.6362057877095064,0.1129082069886891,0.4666666666666666,0.7212254497085975,0.5689387594998566,0.6794376461479886,1.5,5.5
synthetic_label_noise,SMOTE-ENN + RF,0.5383651436283016,0.0811451568776086,0.6106984556180756,0.109671436139319,0.4740740740740741,0.639707028206327,0.5397168880365264,0.6852719992531937,5.0,8.0
synthetic_label_noise,SMOTE-Tomek + RF,0.5581783917157234,0.0942680839086237,0.6362057877095064,0.1129082069886891,0.4666666666666666,0.7212254497085975,0.5689387594998566,0.6794376461479886,1.5,5.5
synthetic_label_noise,ADASYN + RF,0.4820484426160951,0.0335529289288672,0.4834431101119774,0.0205942597251367,0.4262865137865138,0.5655142979086641,0.4779293659697059,0.6497608497662988,4.0,7.0
synthetic_label_noise,Balanced Bagging,0.231311756720967,0.012443829260723,0.3374179566409707,0.0318114197037882,0.6727901602901603,0.1397770418318363,0.2728942069644037,0.7767609805885569,8.0,11.0
synthetic_label_noise,Balanced Random Forest,0.3224170721177966,0.0306051766965778,0.4421197295532041,0.0385538681115247,0.6785797160797161,0.2121458297627288,0.3534625534131277,0.797072813761972,6.0,9.0
synthetic_label_noise,Baseline RF,0.1806978502989776,0.0939268657987433,0.4955570084414087,0.0635889204839322,0.1017559767559767,0.9824561403508772,0.3025873491710545,0.309615969404672,10.0,6.0
synthetic_label_noise,Borderline-SMOTE + RF,0.4868414953904897,0.0381611402886934,0.5542284249214706,0.0293787174247721,0.3661411411411411,0.7601709401709402,0.5155273769010896,0.6025722599310958,2.0,2.0
synthetic_label_noise,Class weight LogisticRegression,0.1351884043921441,0.0240856198431185,0.2349032083103056,0.0854633048680284,0.7206241956241956,0.0747251010773046,0.1800895907997731,0.7464036190237714,12.0,13.0
synthetic_label_noise,Custom weighted log-loss LR,0.2926562036417211,0.1025848681867455,0.274407495815458,0.1049611663494897,0.2516419016419016,0.3737113402061855,0.2887641703061961,0.4880994025707124,7.0,12.0
synthetic_label_noise,EasyEnsemble,0.1307723841624959,0.0206281046456747,0.2238334385273191,0.0820975429708179,0.7145372645372645,0.0720528730412912,0.1741157834722818,0.7407644268939618,13.0,14.0
synthetic_label_noise,RF (balanced_subsample),0.0970718465191567,0.0087709017893811,0.5378959039335568,0.0188948632764208,0.051026676026676,1.0,0.2231085868071924,0.2257170062621289,14.0,3.0
synthetic_label_noise,RUSBoost,0.0952493100336857,0.0145735360562716,0.040321909870639,0.0059085437541734,0.4839105339105339,0.0536514793746198,0.099102186466879,0.6040634280637484,15.0,15.0
synthetic_label_noise,Random Oversampling + RF,0.1994662436100828,0.0091528016519357,0.5591078442868312,0.0123440703747648,0.1111169611169611,0.9743589743589745,0.325230794783522,0.3332677322474549,9.0,1.0
synthetic_label_noise,Random Undersampling + RF,0.1746540059852752,0.0223091585161117,0.3548464436088513,0.0282860711638186,0.7507371007371008,0.0989639792142351,0.2300030398935052,0.7884622781555346,11.0,10.0
synthetic_label_noise,SMOTE + RF,0.4844189326362501,0.0364788536751256,0.5016619014027658,0.0343836785833191,0.4173043173043173,0.5937082816142513,0.4842783005807118,0.6432749068648065,3.0,5.0
synthetic_label_noise,SMOTE-ENN + RF,0.4529183964081687,0.0357219290360583,0.4628717005660313,0.0176798743920995,0.4385154635154635,0.4789786561555353,0.4427662058605204,0.6577259822208017,5.0,8.0
synthetic_label_noise,SMOTE-Tomek + RF,0.4945292524239892,0.0190466822990614,0.5099980241522175,0.0220941734485718,0.4293163293163293,0.601786292115665,0.4945378653732614,0.6521929385842128,1.0,4.0
synthetic_label_noise,ADASYN + RF,0.2611224304889529,0.0549889288023514,0.2258995068038777,0.045818004479792,0.2079025240988723,0.3537008388338833,0.2460357188185262,0.4495812571271142,4.0,8.0
synthetic_label_noise,Balanced Bagging,0.1815990005634372,0.0130490571536962,0.2056740153778086,0.0154957299604853,0.4456432758167039,0.1141513281831292,0.1562211679478682,0.6120399308291672,7.0,10.0
synthetic_label_noise,Balanced Random Forest,0.2406821005287984,0.0037014086548672,0.2721597035461239,0.0046645375732362,0.4005908834928171,0.1723882323648017,0.2115856003596992,0.6041533210301324,5.0,5.0
synthetic_label_noise,Baseline RF,0.1038241438822781,0.013766488368256,0.2967852280253379,0.0102135098112013,0.0551790080768103,0.8943001443001443,0.215807578543323,0.2344701450084352,14.0,3.0
synthetic_label_noise,Borderline-SMOTE + RF,0.3147474216432683,0.0373615152522939,0.2821398773798424,0.0172356713576625,0.2157067367071588,0.5865245865245865,0.3388966054992045,0.4620891742764641,1.0,4.0
synthetic_label_noise,Class weight LogisticRegression,0.1228027331778611,0.0003506040228415,0.1601641409750743,0.0566680466282066,0.5589340047321241,0.0689941266140127,0.0916526793097752,0.6049280081907136,12.0,13.0
synthetic_label_noise,Custom weighted log-loss LR,0.1707133446263881,0.1275621938788896,0.1751674795286061,0.0592539164147221,0.1139183357665884,0.3834060916252697,0.1876476412861116,0.3081991928569351,8.0,12.0
synthetic_label_noise,EasyEnsemble,0.1254867361319553,0.0135833464658027,0.1451713864890582,0.0210554013461799,0.5764455414882473,0.0704336554543748,0.0970807597200131,0.6119750478334557,10.0,14.0
synthetic_label_noise,RF (balanced_subsample),0.0428565025945545,0.0360750504579867,0.309141635062557,0.0196362417775292,0.022243743972995,0.7296296296296297,0.118552007958387,0.1383066408301242,15.0,1.0
synthetic_label_noise,RUSBoost,0.1246618093375668,0.0334033068604504,0.0544150808729681,0.0063369471814379,0.3876129684016125,0.0792179938453385,0.0723412262510409,0.515297808666624,11.0,15.0
synthetic_label_noise,Random Oversampling + RF,0.1156683733861306,0.0259494775699812,0.3074524819369607,0.009396680907851,0.0621084629711126,0.8888888888888888,0.2271541630913631,0.2479729917620045,13.0,2.0
synthetic_label_noise,Random Undersampling + RF,0.1316914651051105,0.0075420679636153,0.225414406251056,0.0174729182584731,0.5623408113932888,0.0746628582526895,0.1059852725379264,0.6181219622893476,9.0,9.0
synthetic_label_noise,SMOTE + RF,0.2834433256636537,0.041546280573976,0.2371412203867944,0.0293173417149368,0.2221088754436158,0.3934371184371184,0.2718574308954204,0.4664224313811848,2.0,6.0
synthetic_label_noise,SMOTE-ENN + RF,0.2329446920006484,0.0412342822795248,0.1874395539532868,0.0357353705563309,0.2718450759930691,0.2059223100793406,0.194759646389684,0.5080126988470074,6.0,11.0
synthetic_label_noise,SMOTE-Tomek + RF,0.2702647512319949,0.0460159642449555,0.2348690797737214,0.0332593291959365,0.2085441849526704,0.3880166285755,0.2606552895419882,0.4515441896742524,3.0,7.0
synthetic_label_noise,ADASYN + RF,0.186472550803761,0.0386689859827696,0.1616287423663986,0.0280165766227297,0.1444575429571678,0.2655560748462703,0.1533683421365042,0.3736011534483567,5.0,10.0
synthetic_label_noise,Balanced Bagging,0.1745475928452327,0.0024551288913445,0.1660700612965262,0.0233567465084646,0.3377201443217947,0.1177175092400357,0.0991202907093104,0.5257435405299513,6.0,8.0
synthetic_label_noise,Balanced Random Forest,0.2139851447097387,0.0072934623192789,0.2085434135441452,0.0143949547059889,0.280184331797235,0.1731184218560114,0.1481326979784645,0.5032568976585612,1.0,4.0
synthetic_label_noise,Baseline RF,0.0770844038452504,0.0104833553319577,0.2198751196284758,0.025379210519716,0.0402350587646911,0.9264957264957264,0.1854380799201402,0.2002385889031314,13.0,3.0
synthetic_label_noise,Borderline-SMOTE + RF,0.1923619351255897,0.05453009433342,0.1868286411047943,0.0394255204770064,0.1282642089093702,0.386078607860786,0.1924082467674354,0.3529475580033944,4.0,5.0
synthetic_label_noise,Class weight LogisticRegression,0.1512993635505602,0.0032248941886217,0.1552657589764611,0.0322230993592822,0.5276283356553424,0.0883122201476725,0.069963900835921,0.5670919539133134,10.0,12.0
synthetic_label_noise,Custom weighted log-loss LR,0.1378827859646274,0.0544189296156818,0.1601404140021487,0.0345475114794159,0.0849319472725324,0.3983539094650206,0.1575391008913978,0.284368720838039,12.0,11.0
synthetic_label_noise,EasyEnsemble,0.1560414707656903,0.0097952590704803,0.1298847435486273,0.020520692740047,0.5404029578823277,0.0912399681080635,0.0785449392319252,0.574909582403511,8.0,14.0
synthetic_label_noise,RF (balanced_subsample),0.0215024773753731,0.0135508397944946,0.2361392250143835,0.0221209793955172,0.0109134426463758,0.9333333333333332,0.0919636618728361,0.0997533649730689,15.0,1.0
synthetic_label_noise,RUSBoost,0.1458157679956751,0.0078230225701978,0.0759969896008718,0.0024499419975157,0.2575072339513449,0.1044774750170642,0.0636936636803451,0.4608427448411169,11.0,15.0
synthetic_label_noise,Random Oversampling + RF,0.077058548647754,0.032324092607458,0.2262672407957722,0.0268822616588594,0.0403636623441574,0.9055555555555556,0.1821570963636708,0.1978325647299476,14.0,2.0
synthetic_label_noise,Random Undersampling + RF,0.1515058351840292,0.0060102904435787,0.1619572891218278,0.0257462123309236,0.5273711284964099,0.0884698502216032,0.0703785656936773,0.5670861551375358,9.0,9.0
synthetic_label_noise,SMOTE + RF,0.1951564104548232,0.0362991238829866,0.1785830092484521,0.0303603768642538,0.1467366841710427,0.2923557828928673,0.1677078912717068,0.3772231937649578,3.0,6.0
synthetic_label_noise,SMOTE-ENN + RF,0.162075663184412,0.0167985764899752,0.1304373563872186,0.0250164699540415,0.244250348301361,0.1221801651407118,0.0854541662933639,0.4611435193863913,7.0,13.0
synthetic_label_noise,SMOTE-Tomek + RF,0.1983486468772435,0.0289664414147227,0.1782488566772514,0.030870422025586,0.1477476511985139,0.3036046492069099,0.1731119744653167,0.3791910035558399,2.0,7.0
adaptive_sampling,SMOTE + RF,0.0,0.0,0.2214553101133689,0.1230818491239503,0.0,0.0,-8.602616040378945e-05,0.0,5.0,2.0
adaptive_sampling,SMOTE + RF,0.1527777777777777,0.1683938285136408,0.2384780092021665,0.1804655700301359,0.0888888888888888,0.6666666666666666,0.2350377661776283,0.235137495082373,1.0,1.0
adaptive_sampling,SMOTE + RF,0.0952380952380952,0.1649572197684645,0.1451026725571806,0.101710738870088,0.0666666666666666,0.1666666666666666,0.1051862429782931,0.1490562906347054,3.5,3.0
adaptive_sampling,SMOTE + RF,0.0952380952380952,0.1649572197684645,0.1174374343617196,0.1361019841745101,0.0666666666666666,0.1666666666666666,0.1050289423097069,0.1490562906347054,3.5,4.0
adaptive_sampling,SMOTE + RF,0.1066666666666666,0.1847520861406802,0.0929965977142221,0.1159086338891891,0.0888888888888888,0.1333333333333333,0.1083637177319491,0.1720981632028005,2.0,5.0
adaptive_sampling,SMOTE + RF,0.4187044187044186,0.1325694624048357,0.7270455023185174,0.082829626944808,0.2722222222222222,0.9761904761904764,0.5074971235664996,0.5150350014957407,5.0,4.0
adaptive_sampling,SMOTE + RF,0.5487542617361658,0.1551969314607013,0.7732869123598171,0.0696794055058935,0.3888888888888889,1.0,0.6139046384601424,0.6157166398430215,4.0,2.0
adaptive_sampling,SMOTE + RF,0.5775357935067554,0.1579136648730998,0.7755480297056329,0.0765477281072605,0.4222222222222222,0.9753086419753086,0.6318748092089804,0.6418500092835789,3.0,1.0
adaptive_sampling,SMOTE + RF,0.5886101154918358,0.0885830394602118,0.7480308037555571,0.0794879368221533,0.4388888888888889,0.9191919191919192,0.6294769665446124,0.6599134468607099,1.0,3.0
adaptive_sampling,SMOTE + RF,0.5871879362733021,0.0899157061826249,0.7003461628171843,0.0671036714984138,0.4555555555555555,0.8587801087801088,0.6181237452892611,0.671444898933632,2.0,5.0
adaptive_sampling,SMOTE + RF,0.778236912440903,0.021577839686393,0.9200154721852954,0.0353687406627916,0.6444444444444445,0.9833856619570904,0.7811881947933478,0.8021660622518008,3.0,3.0
adaptive_sampling,SMOTE + RF,0.8324088398715265,0.0182426169380974,0.9325736981695204,0.0416625666392034,0.7399999999999999,0.9525479775090084,0.8259514354569655,0.858490308931897,2.0,1.0
adaptive_sampling,SMOTE + RF,0.8394520610698888,0.0413007789457733,0.9217209058238988,0.0446482076725108,0.7933333333333333,0.8917129579934163,0.8261645959092387,0.8862682064772708,1.0,2.0
adaptive_sampling,SMOTE + RF,0.2980261328885182,0.1009185799855117,0.7419285811331181,0.1094153322813535,0.1777777777777777,1.0,0.4123619245009542,0.4157001928480701,5.0,2.0
adaptive_sampling,SMOTE + RF,0.4481792717086834,0.1011123005477873,0.7637345380107643,0.0756873233200809,0.2962962962962963,0.9722222222222222,0.5275904455640624,0.5400626671694285,4.0,1.0
adaptive_sampling,SMOTE + RF,0.5020577162968903,0.0761133533071058,0.7296786924736876,0.0839996728080922,0.3481481481481481,0.9212775528565,0.5594981192218127,0.5880115925702599,3.0,3.0
adaptive_sampling,SMOTE + RF,0.5542743841988865,0.0701229567999967,0.6823387225076131,0.1006161211617043,0.4333333333333333,0.8022121669180492,0.5790167933779098,0.6550928259935951,2.0,4.0
adaptive_sampling,SMOTE + RF,0.5581783917157234,0.0942680839086237,0.6362057877095064,0.1129082069886891,0.4666666666666666,0.7212254497085975,0.5689387594998566,0.6794376461479886,1.0,5.0
