dataset,method,threshold,balanced_accuracy,precision,recall,f1,g_mean,mcc,roc_auc,pr_auc,accuracy,tn,fp,fn,tp,status,scenario,noise,class_sep,feature_noise_std,flip_y,ir,train_c0,train_c1,train_ir_actual,test_c0,test_c1,test_ir_actual,seed
synthetic,Baseline RF,0.5,0.6433333333333333,1.0,0.2866666666666667,0.44559585492227977,0.5354126134736337,0.5172807171989036,0.9688,0.8661958495469058,0.9351515151515152,1500.0,0.0,107.0,43.0,ok,overlap_feature_noise_IR=10:1,overlap_feature_noise,0.7,0.15,0.0,10,3500,350,10.0,1500,150,10.0,0
synthetic,RF (balanced_subsample),0.5,0.6066666666666667,1.0,0.21333333333333335,0.3516483516483517,0.46188021535170065,0.4447190471548847,0.9872200000000001,0.9198293681805301,0.9284848484848485,1500.0,0.0,118.0,32.0,ok,overlap_feature_noise_IR=10:1,overlap_feature_noise,0.7,0.15,0.0,10,3500,350,10.0,1500,150,10.0,0
synthetic,Class weight LogisticRegression,0.5,0.6873333333333334,0.18397085610200364,0.6733333333333333,0.28898426323319026,0.6871907385225089,0.2285896085149852,0.7324533333333332,0.3088059296526256,0.6987878787878787,1052.0,448.0,49.0,101.0,ok,overlap_feature_noise_IR=10:1,overlap_feature_noise,0.7,0.15,0.0,10,3500,350,10.0,1500,150,10.0,0
synthetic,Custom weighted log-loss LR,0.5,0.6753333333333333,0.3595505617977528,0.4266666666666667,0.3902439024390244,0.6278853398511547,0.32495396314426694,0.7311777777777777,0.3705773576860302,0.8787878787878788,1386.0,114.0,86.0,64.0,ok,overlap_feature_noise_IR=10:1,overlap_feature_noise,0.7,0.15,0.0,10,3500,350,10.0,1500,150,10.0,0
synthetic,Random Oversampling + RF,0.5,0.6799999999999999,1.0,0.36,0.5294117647058824,0.6,0.581675050747111,0.9886711111111111,0.9321189089862216,0.9418181818181818,1500.0,0.0,96.0,54.0,ok,overlap_feature_noise_IR=10:1,overlap_feature_noise,0.7,0.15,0.0,10,3500,350,10.0,1500,150,10.0,0
synthetic,Random Undersampling + RF,0.5,0.9256666666666666,0.5515873015873016,0.9266666666666666,0.6915422885572139,0.9256661265152667,0.6803572877633107,0.9755622222222222,0.8581752587411758,0.9248484848484848,1387.0,113.0,11.0,139.0,ok,overlap_feature_noise_IR=10:1,overlap_feature_noise,0.7,0.15,0.0,10,3500,350,10.0,1500,150,10.0,0
synthetic,SMOTE + RF,0.5,0.8393333333333333,0.8956521739130435,0.6866666666666666,0.7773584905660378,0.825332256326707,0.7662044463762869,0.9859199999999999,0.9056415422105728,0.9642424242424242,1488.0,12.0,47.0,103.0,ok,overlap_feature_noise_IR=10:1,overlap_feature_noise,0.7,0.15,0.0,10,3500,350,10.0,1500,150,10.0,0
synthetic,Borderline-SMOTE + RF,0.5,0.8396666666666667,0.9035087719298246,0.6866666666666666,0.7803030303030303,0.8256095391352447,0.7700628113146895,0.9808222222222222,0.8786302246945507,0.9648484848484848,1489.0,11.0,47.0,103.0,ok,overlap_feature_noise_IR=10:1,overlap_feature_noise,0.7,0.15,0.0,10,3500,350,10.0,1500,150,10.0,0
synthetic,ADASYN + RF,0.5,0.8646666666666667,0.8740157480314961,0.74,0.8014440433212996,0.8556323197885097,0.7866209519933803,0.9847533333333334,0.8814248002386804,0.9666666666666667,1484.0,16.0,39.0,111.0,ok,overlap_feature_noise_IR=10:1,overlap_feature_noise,0.7,0.15,0.0,10,3500,350,10.0,1500,150,10.0,0
synthetic,SMOTE-Tomek + RF,0.5,0.8393333333333333,0.8956521739130435,0.6866666666666666,0.7773584905660378,0.825332256326707,0.7662044463762869,0.9859199999999999,0.9056415422105728,0.9642424242424242,1488.0,12.0,47.0,103.0,ok,overlap_feature_noise_IR=10:1,overlap_feature_noise,0.7,0.15,0.0,10,3500,350,10.0,1500,150,10.0,0
synthetic,SMOTE-ENN + RF,0.5,0.8713333333333333,0.875968992248062,0.7533333333333333,0.8100358422939068,0.8633063058832466,0.7952903790745267,0.9844377777777777,0.8822770909979122,0.9678787878787879,1484.0,16.0,37.0,113.0,ok,overlap_feature_noise_IR=10:1,overlap_feature_noise,0.7,0.15,0.0,10,3500,350,10.0,1500,150,10.0,0
synthetic,Balanced Bagging,0.5,0.873,0.5707547169811321,0.8066666666666666,0.6685082872928176,0.8704762425758034,0.6408888457519228,0.9605911111111111,0.7741942685408087,0.9272727272727272,1409.0,91.0,29.0,121.0,ok,overlap_feature_noise_IR=10:1,overlap_feature_noise,0.7,0.15,0.0,10,3500,350,10.0,1500,150,10.0,0
synthetic,Balanced Random Forest,0.5,0.8863333333333333,0.7933333333333333,0.7933333333333333,0.7933333333333333,0.8814407397992094,0.7726666666666666,0.9765622222222222,0.8779036508128769,0.9624242424242424,1469.0,31.0,31.0,119.0,ok,overlap_feature_noise_IR=10:1,overlap_feature_noise,0.7,0.15,0.0,10,3500,350,10.0,1500,150,10.0,0
synthetic,EasyEnsemble,0.5,0.7010000000000001,0.18461538461538463,0.72,0.2938775510204082,0.7007424633915088,0.24158200158253523,0.7739244444444445,0.3573102591285999,0.6854545454545454,1023.0,477.0,42.0,108.0,ok,overlap_feature_noise_IR=10:1,overlap_feature_noise,0.7,0.15,0.0,10,3500,350,10.0,1500,150,10.0,0
synthetic,RUSBoost,0.5,0.5656666666666667,0.14327485380116958,0.32666666666666666,0.1991869918699187,0.5126965747669646,0.09314280254363762,0.5656666666666667,0.10801524012050329,0.7612121212121212,1207.0,293.0,101.0,49.0,ok,overlap_feature_noise_IR=10:1,overlap_feature_noise,0.7,0.15,0.0,10,3500,350,10.0,1500,150,10.0,0
synthetic,Baseline RF,0.5,0.7233333333333334,1.0,0.44666666666666666,0.6175115207373272,0.668331255192114,0.6505743611365944,0.9547266666666667,0.857273640559853,0.9496969696969697,1500.0,0.0,83.0,67.0,ok,overlap_feature_noise_IR=10:1,overlap_feature_noise,0.7,0.15,0.0,10,3500,350,10.0,1500,150,10.0,1
synthetic,RF (balanced_subsample),0.5,0.6966666666666667,1.0,0.3933333333333333,0.5645933014354066,0.6271629240742259,0.6089630138450948,0.9775755555555556,0.8835111398085653,0.9448484848484848,1500.0,0.0,91.0,59.0,ok,overlap_feature_noise_IR=10:1,overlap_feature_noise,0.7,0.15,0.0,10,3500,350,10.0,1500,150,10.0,1
synthetic,Class weight LogisticRegression,0.5,0.7846666666666666,0.27488151658767773,0.7733333333333333,0.40559440559440557,0.7845848158952181,0.37514784998789624,0.8549200000000001,0.4583295489817109,0.793939393939394,1194.0,306.0,34.0,116.0,ok,overlap_feature_noise_IR=10:1,overlap_feature_noise,0.7,0.15,0.0,10,3500,350,10.0,1500,150,10.0,1
synthetic,Custom weighted log-loss LR,0.5,0.7889999999999999,0.4291845493562232,0.6666666666666666,0.5221932114882507,0.7794585014967478,0.4771514103497452,0.8473822222222223,0.5178139038498057,0.889090909090909,1367.0,133.0,50.0,100.0,ok,overlap_feature_noise_IR=10:1,overlap_feature_noise,0.7,0.15,0.0,10,3500,350,10.0,1500,150,10.0,1
synthetic,Random Oversampling + RF,0.5,0.7663333333333333,0.9876543209876543,0.5333333333333333,0.6926406926406926,0.7300532705068704,0.7087495531380085,0.9695666666666667,0.8756561308240125,0.9569696969696969,1499.0,1.0,70.0,80.0,ok,overlap_feature_noise_IR=10:1,overlap_feature_noise,0.7,0.15,0.0,10,3500,350,10.0,1500,150,10.0,1
synthetic,Random Undersampling + RF,0.5,0.8879999999999999,0.4729241877256318,0.8733333333333333,0.6135831381733021,0.8878788706174333,0.5968673562073666,0.9558577777777778,0.8224235567071428,0.9,1354.0,146.0,19.0,131.0,ok,overlap_feature_noise_IR=10:1,overlap_feature_noise,0.7,0.15,0.0,10,3500,350,10.0,1500,150,10.0,1
synthetic,SMOTE + RF,0.5,0.8616666666666666,0.8161764705882353,0.74,0.7762237762237763,0.853033801596787,0.7561315270245916,0.9727666666666667,0.8640370832384693,0.9612121212121212,1475.0,25.0,39.0,111.0,ok,overlap_feature_noise_IR=10:1,overlap_feature_noise,0.7,0.15,0.0,10,3500,350,10.0,1500,150,10.0,1
synthetic,Borderline-SMOTE + RF,0.5,0.864,0.8,0.7466666666666667,0.7724137931034483,0.8559958463035255,0.751052241990313,0.9620555555555556,0.8337984792117367,0.96,1472.0,28.0,38.0,112.0,ok,overlap_feature_noise_IR=10:1,overlap_feature_noise,0.7,0.15,0.0,10,3500,350,10.0,1500,150,10.0,1
synthetic,ADASYN + RF,0.5,0.8576666666666666,0.8029197080291971,0.7333333333333333,0.7665505226480837,0.848606701206945,0.7452808709433593,0.9685266666666665,0.8356418638567784,0.9593939393939394,1473.0,27.0,40.0,110.0,ok,overlap_feature_noise_IR=10:1,overlap_feature_noise,0.7,0.15,0.0,10,3500,350,10.0,1500,150,10.0,1
synthetic,SMOTE-Tomek + RF,0.5,0.8616666666666666,0.8161764705882353,0.74,0.7762237762237763,0.853033801596787,0.7561315270245916,0.9727666666666667,0.8640370832384693,0.9612121212121212,1475.0,25.0,39.0,111.0,ok,overlap_feature_noise_IR=10:1,overlap_feature_noise,0.7,0.15,0.0,10,3500,350,10.0,1500,150,10.0,1
synthetic,SMOTE-ENN + RF,0.5,0.862,0.7197452229299363,0.7533333333333333,0.7361563517915309,0.855123123038756,0.7093328862703389,0.9653955555555557,0.8321870672108308,0.9509090909090909,1456.0,44.0,37.0,113.0,ok,overlap_feature_noise_IR=10:1,overlap_feature_noise,0.7,0.15,0.0,10,3500,350,10.0,1500,150,10.0,1
synthetic,Balanced Bagging,0.5,0.8776666666666666,0.5367965367965368,0.8266666666666667,0.6509186351706037,0.8761836438657011,0.6257959125614865,0.9530266666666666,0.7958485034600614,0.9193939393939394,1393.0,107.0,26.0,124.0,ok,overlap_feature_noise_IR=10:1,overlap_feature_noise,0.7,0.15,0.0,10,3500,350,10.0,1500,150,10.0,1
synthetic,Balanced Random Forest,0.5,0.8843333333333334,0.6455026455026455,0.8133333333333334,0.7197640117994101,0.8814785558619361,0.6938623093773034,0.9596133333333333,0.830569834341208,0.9424242424242424,1433.0,67.0,28.0,122.0,ok,overlap_feature_noise_IR=10:1,overlap_feature_noise,0.7,0.15,0.0,10,3500,350,10.0,1500,150,10.0,1
synthetic,EasyEnsemble,0.5,0.7833333333333333,0.27230046948356806,0.7733333333333333,0.4027777777777778,0.7832695009453076,0.3722403237604453,0.8616266666666667,0.5712254233683228,0.7915151515151515,1190.0,310.0,34.0,116.0,ok,overlap_feature_noise_IR=10:1,overlap_feature_noise,0.7,0.15,0.0,10,3500,350,10.0,1500,150,10.0,1
synthetic,RUSBoost,0.5,,,,,,,,,,,,,,"error: ValueError: BaseClassifier in AdaBoostClassifier ensemble is worse than random, ensemble can not be fit.",overlap_feature_noise_IR=10:1,overlap_feature_noise,0.7,0.15,0.0,10,3500,350,10.0,1500,150,10.0,1
synthetic,Baseline RF,0.5,0.6796666666666666,0.9818181818181818,0.36,0.526829268292683,0.5997999666555509,0.5754758151244094,0.9436577777777778,0.777560597322813,0.9412121212121212,1499.0,1.0,96.0,54.0,ok,overlap_feature_noise_IR=10:1,overlap_feature_noise,0.7,0.15,0.0,10,3500,350,10.0,1500,150,10.0,2
synthetic,RF (balanced_subsample),0.5,0.6363333333333333,0.9761904761904762,0.2733333333333333,0.4270833333333333,0.5226386046888529,0.49768624806822664,0.9591622222222222,0.7759637828785858,0.9333333333333333,1499.0,1.0,109.0,41.0,ok,overlap_feature_noise_IR=10:1,overlap_feature_noise,0.7,0.15,0.0,10,3500,350,10.0,1500,150,10.0,2
synthetic,Class weight LogisticRegression,0.5,0.7596666666666667,0.251131221719457,0.74,0.375,0.7594120532798164,0.3371264720965224,0.8179422222222222,0.540353700153206,0.7757575757575758,1169.0,331.0,39.0,111.0,ok,overlap_feature_noise_IR=10:1,overlap_feature_noise,0.7,0.15,0.0,10,3500,350,10.0,1500,150,10.0,2
synthetic,Custom weighted log-loss LR,0.5,0.7743333333333333,0.3843137254901961,0.6533333333333333,0.4839506172839506,0.7648209667046996,0.4363576972146548,0.8185777777777778,0.5612085829792036,0.8733333333333333,1343.0,157.0,52.0,98.0,ok,overlap_feature_noise_IR=10:1,overlap_feature_noise,0.7,0.15,0.0,10,3500,350,10.0,1500,150,10.0,2
synthetic,Random Oversampling + RF,0.5,0.7153333333333334,0.9420289855072463,0.43333333333333335,0.593607305936073,0.6574022952331227,0.6185033235383527,0.9645333333333334,0.7798578397992768,0.946060606060606,1496.0,4.0,85.0,65.0,ok,overlap_feature_noise_IR=10:1,overlap_feature_noise,0.7,0.15,0.0,10,3500,350,10.0,1500,150,10.0,2
synthetic,Random Undersampling + RF,0.5,0.8473333333333333,0.38509316770186336,0.8266666666666667,0.5254237288135594,0.8470812633193268,0.5038958082353289,0.9327288888888889,0.716444551200976,0.8642424242424243,1302.0,198.0,26.0,124.0,ok,overlap_feature_noise_IR=10:1,overlap_feature_noise,0.7,0.15,0.0,10,3500,350,10.0,1500,150,10.0,2
synthetic,SMOTE + RF,0.5,0.8086666666666666,0.7384615384615385,0.64,0.6857142857142857,0.790881364891937,0.6587452801573266,0.9567688888888889,0.7616906058487225,0.9466666666666667,1466.0,34.0,54.0,96.0,ok,overlap_feature_noise_IR=10:1,overlap_feature_noise,0.7,0.15,0.0,10,3500,350,10.0,1500,150,10.0,2
synthetic,Borderline-SMOTE + RF,0.5,0.782,0.7213114754098361,0.5866666666666667,0.6470588235294118,0.7572112577668725,0.6196247698222053,0.950728888888889,0.7369502987662818,0.9418181818181818,1466.0,34.0,62.0,88.0,ok,overlap_feature_noise_IR=10:1,overlap_feature_noise,0.7,0.15,0.0,10,3500,350,10.0,1500,150,10.0,2
synthetic,ADASYN + RF,0.5,0.8083333333333333,0.6405228758169934,0.6533333333333333,0.6468646864686468,0.7933333333333333,0.6112024932360822,0.9536311111111111,0.7461073101847595,0.9351515151515152,1445.0,55.0,52.0,98.0,ok,overlap_feature_noise_IR=10:1,overlap_feature_noise,0.7,0.15,0.0,10,3500,350,10.0,1500,150,10.0,2
synthetic,SMOTE-Tomek + RF,0.5,0.8086666666666666,0.7384615384615385,0.64,0.6857142857142857,0.790881364891937,0.6587452801573266,0.9567688888888889,0.7616906058487225,0.9466666666666667,1466.0,34.0,54.0,96.0,ok,overlap_feature_noise_IR=10:1,overlap_feature_noise,0.7,0.15,0.0,10,3500,350,10.0,1500,150,10.0,2
synthetic,SMOTE-ENN + RF,0.5,0.8069999999999999,0.6242038216560509,0.6533333333333333,0.6384364820846905,0.7922345331753442,0.6015613151519171,0.9513444444444444,0.7255835428072424,0.9327272727272727,1441.0,59.0,52.0,98.0,ok,overlap_feature_noise_IR=10:1,overlap_feature_noise,0.7,0.15,0.0,10,3500,350,10.0,1500,150,10.0,2
synthetic,Balanced Bagging,0.5,0.8223333333333334,0.43700787401574803,0.74,0.5495049504950495,0.8182012792298319,0.5135312851185638,0.9244911111111112,0.6454549226728025,0.8896969696969697,1357.0,143.0,39.0,111.0,ok,overlap_feature_noise_IR=10:1,overlap_feature_noise,0.7,0.15,0.0,10,3500,350,10.0,1500,150,10.0,2
synthetic,Balanced Random Forest,0.5,0.837,0.5797872340425532,0.7266666666666667,0.6449704142011834,0.8296960621550252,0.6098156204597576,0.9423644444444446,0.7380687910077933,0.9272727272727272,1421.0,79.0,41.0,109.0,ok,overlap_feature_noise_IR=10:1,overlap_feature_noise,0.7,0.15,0.0,10,3500,350,10.0,1500,150,10.0,2
synthetic,EasyEnsemble,0.5,0.749,0.22782258064516128,0.7533333333333333,0.3498452012383901,0.7489874646629423,0.3122316033077016,0.8215466666666668,0.5314695196556851,0.7454545454545455,1117.0,383.0,37.0,113.0,ok,overlap_feature_noise_IR=10:1,overlap_feature_noise,0.7,0.15,0.0,10,3500,350,10.0,1500,150,10.0,2
synthetic,RUSBoost,0.5,0.6586666666666667,0.2148997134670487,0.5,0.30060120240480964,0.6392704174812618,0.2233858144887311,0.72146,0.24781871012592083,0.7884848484848485,1226.0,274.0,75.0,75.0,ok,overlap_feature_noise_IR=10:1,overlap_feature_noise,0.7,0.15,0.0,10,3500,350,10.0,1500,150,10.0,2
synthetic,Baseline RF,0.5,0.5166666666666667,1.0,0.03333333333333333,0.06451612903225806,0.18257418583505536,0.1808344874126683,0.8869876543209877,0.39254333221995497,0.9810457516339869,4500.0,0.0,87.0,3.0,ok,overlap_feature_noise_IR=50:1,overlap_feature_noise,0.7,0.15,0.0,50,10500,210,50.0,4500,90,50.0,0
synthetic,RF (balanced_subsample),0.5,0.5,0.0,0.0,0.0,0.0,0.0,0.9416802469135803,0.4351252185620946,0.9803921568627451,4500.0,0.0,90.0,0.0,ok,overlap_feature_noise_IR=50:1,overlap_feature_noise,0.7,0.15,0.0,50,10500,210,50.0,4500,90,50.0,0
synthetic,Class weight LogisticRegression,0.5,0.688,0.043859649122807015,0.6666666666666666,0.0823045267489712,0.6876691711054734,0.11397498397226902,0.7361604938271605,0.04881984698359634,0.7084967320261438,3192.0,1308.0,30.0,60.0,ok,overlap_feature_noise_IR=50:1,overlap_feature_noise,0.7,0.15,0.0,50,10500,210,50.0,4500,90,50.0,0
synthetic,Custom weighted log-loss LR,0.5,0.5038888888888889,0.0625,0.011111111111111112,0.018867924528301886,0.10523342660045844,0.018296792830898207,0.7119728395061727,0.05626668062614606,0.9773420479302832,4485.0,15.0,89.0,1.0,ok,overlap_feature_noise_IR=50:1,overlap_feature_noise,0.7,0.15,0.0,50,10500,210,50.0,4500,90,50.0,0
synthetic,Random Oversampling + RF,0.5,0.5166666666666667,1.0,0.03333333333333333,0.06451612903225806,0.18257418583505536,0.1808344874126683,0.9382395061728396,0.4206974342066715,0.9810457516339869,4500.0,0.0,87.0,3.0,ok,overlap_feature_noise_IR=50:1,overlap_feature_noise,0.7,0.15,0.0,50,10500,210,50.0,4500,90,50.0,0
synthetic,Random Undersampling + RF,0.5,0.7995555555555556,0.07675675675675675,0.7888888888888889,0.1399014778325123,0.7994844017502626,0.20707469475083193,0.8763345679012345,0.27603965665293767,0.8098039215686275,3646.0,854.0,19.0,71.0,ok,overlap_feature_noise_IR=50:1,overlap_feature_noise,0.7,0.15,0.0,50,10500,210,50.0,4500,90,50.0,0
synthetic,SMOTE + RF,0.5,0.6087777777777778,0.4878048780487805,0.2222222222222222,0.3053435114503817,0.4703032906382701,0.3205883917605605,0.9409666666666667,0.3497656209685718,0.9801742919389979,4479.0,21.0,70.0,20.0,ok,overlap_feature_noise_IR=50:1,overlap_feature_noise,0.7,0.15,0.0,50,10500,210,50.0,4500,90,50.0,0
synthetic,Borderline-SMOTE + RF,0.5,0.5938888888888889,0.7727272727272727,0.18888888888888888,0.30357142857142855,0.4343719746319726,0.37696177935152037,0.9455037037037036,0.4193267549082456,0.9830065359477124,4495.0,5.0,73.0,17.0,ok,overlap_feature_noise_IR=50:1,overlap_feature_noise,0.7,0.15,0.0,50,10500,210,50.0,4500,90,50.0,0
synthetic,ADASYN + RF,0.5,0.6364444444444444,0.5319148936170213,0.2777777777777778,0.36496350364963503,0.5257563628587102,0.3758314047614444,0.938188888888889,0.3675402179552244,0.9810457516339869,4478.0,22.0,65.0,25.0,ok,overlap_feature_noise_IR=50:1,overlap_feature_noise,0.7,0.15,0.0,50,10500,210,50.0,4500,90,50.0,0
synthetic,SMOTE-Tomek + RF,0.5,0.6087777777777778,0.4878048780487805,0.2222222222222222,0.3053435114503817,0.4703032906382701,0.3205883917605605,0.9409666666666667,0.3497656209685718,0.9801742919389979,4479.0,21.0,70.0,20.0,ok,overlap_feature_noise_IR=50:1,overlap_feature_noise,0.7,0.15,0.0,50,10500,210,50.0,4500,90,50.0,0
synthetic,SMOTE-ENN + RF,0.5,0.6348888888888888,0.4098360655737705,0.2777777777777778,0.33112582781456956,0.5249338582674541,0.32663867613449454,0.933804938271605,0.3386142368047758,0.9779956427015251,4464.0,36.0,65.0,25.0,ok,overlap_feature_noise_IR=50:1,overlap_feature_noise,0.7,0.15,0.0,50,10500,210,50.0,4500,90,50.0,0
synthetic,Balanced Bagging,0.5,0.741,0.10766045548654245,0.5777777777777777,0.18150087260034903,0.7227997690735931,0.217790350103773,0.8672395061728395,0.25888939217230056,0.8978213507625272,4069.0,431.0,38.0,52.0,ok,overlap_feature_noise_IR=50:1,overlap_feature_noise,0.7,0.15,0.0,50,10500,210,50.0,4500,90,50.0,0
synthetic,Balanced Random Forest,0.5,0.7887777777777778,0.18506493506493507,0.6333333333333333,0.2864321608040201,0.7733093866024175,0.3200535049699359,0.9178543209876544,0.35484778073489553,0.9381263616557735,4249.0,251.0,33.0,57.0,ok,overlap_feature_noise_IR=50:1,overlap_feature_noise,0.7,0.15,0.0,50,10500,210,50.0,4500,90,50.0,0
synthetic,EasyEnsemble,0.5,0.7061111111111111,0.0454222853087296,0.7111111111111111,0.08539026017344896,0.7060934082928179,0.12391434359958581,0.7500543209876545,0.08152681445277915,0.7013071895424836,3155.0,1345.0,26.0,64.0,ok,overlap_feature_noise_IR=50:1,overlap_feature_noise,0.7,0.15,0.0,50,10500,210,50.0,4500,90,50.0,0
synthetic,RUSBoost,0.5,0.5551111111111111,0.029013539651837523,0.3333333333333333,0.05338078291814947,0.5088840368521722,0.03658099623984049,0.6173456790123457,0.02811808833906681,0.7681917211328976,3496.0,1004.0,60.0,30.0,ok,overlap_feature_noise_IR=50:1,overlap_feature_noise,0.7,0.15,0.0,50,10500,210,50.0,4500,90,50.0,0
synthetic,Baseline RF,0.5,0.5111111111111111,1.0,0.022222222222222223,0.043478260869565216,0.14907119849998599,0.14763464883937313,0.9695617283950617,0.6700183122872037,0.9808278867102397,4500.0,0.0,88.0,2.0,ok,overlap_feature_noise_IR=50:1,overlap_feature_noise,0.7,0.15,0.0,50,10500,210,50.0,4500,90,50.0,1
synthetic,RF (balanced_subsample),0.5,0.5111111111111111,1.0,0.022222222222222223,0.043478260869565216,0.14907119849998599,0.14763464883937313,0.96520987654321,0.516499423618531,0.9808278867102397,4500.0,0.0,88.0,2.0,ok,overlap_feature_noise_IR=50:1,overlap_feature_noise,0.7,0.15,0.0,50,10500,210,50.0,4500,90,50.0,1
synthetic,Class weight LogisticRegression,0.5,0.7305555555555556,0.05703771849126035,0.6888888888888889,0.10535259133389975,0.729366374767836,0.15038283165553773,0.8355407407407407,0.12266450431766585,0.7705882352941177,3475.0,1025.0,28.0,62.0,ok,overlap_feature_noise_IR=50:1,overlap_feature_noise,0.7,0.15,0.0,50,10500,210,50.0,4500,90,50.0,1
synthetic,Custom weighted log-loss LR,0.5,0.5937777777777777,0.24324324324324326,0.2,0.21951219512195122,0.44442222166663886,0.2064736417975422,0.8246296296296296,0.18593039355338184,0.9721132897603486,4444.0,56.0,72.0,18.0,ok,overlap_feature_noise_IR=50:1,overlap_feature_noise,0.7,0.15,0.0,50,10500,210,50.0,4500,90,50.0,1
synthetic,Random Oversampling + RF,0.5,0.5277777777777778,1.0,0.05555555555555555,0.10526315789473684,0.23570226039551584,0.23350723124715222,0.9616543209876542,0.5502325712169575,0.9814814814814815,4500.0,0.0,85.0,5.0,ok,overlap_feature_noise_IR=50:1,overlap_feature_noise,0.7,0.15,0.0,50,10500,210,50.0,4500,90,50.0,1
synthetic,Random Undersampling + RF,0.5,0.846,0.08281573498964803,0.8888888888888888,0.15151515151515152,0.8449121511789711,0.23536991383587189,0.9202222222222223,0.2944396772298493,0.80479302832244,3614.0,886.0,10.0,80.0,ok,overlap_feature_noise_IR=50:1,overlap_feature_noise,0.7,0.15,0.0,50,10500,210,50.0,4500,90,50.0,1
synthetic,SMOTE + RF,0.5,0.6831111111111111,0.3953488372093023,0.37777777777777777,0.38636363636363635,0.6110747463927898,0.3744758270836921,0.9586888888888888,0.3497783537356515,0.9764705882352941,4448.0,52.0,56.0,34.0,ok,overlap_feature_noise_IR=50:1,overlap_feature_noise,0.7,0.15,0.0,50,10500,210,50.0,4500,90,50.0,1
synthetic,Borderline-SMOTE + RF,0.5,0.6313333333333333,0.5714285714285714,0.26666666666666666,0.36363636363636365,0.5153639490690051,0.3824701984404304,0.9607172839506173,0.4664707933902601,0.9816993464052287,4482.0,18.0,66.0,24.0,ok,overlap_feature_noise_IR=50:1,overlap_feature_noise,0.7,0.15,0.0,50,10500,210,50.0,4500,90,50.0,1
synthetic,ADASYN + RF,0.5,0.6493333333333333,0.3333333333333333,0.3111111111111111,0.3218390804597701,0.5542918961818218,0.3089434768758321,0.9569172839506173,0.3262951648469478,0.9742919389978214,4444.0,56.0,62.0,28.0,ok,overlap_feature_noise_IR=50:1,overlap_feature_noise,0.7,0.15,0.0,50,10500,210,50.0,4500,90,50.0,1
synthetic,SMOTE-Tomek + RF,0.5,0.6831111111111111,0.3953488372093023,0.37777777777777777,0.38636363636363635,0.6110747463927898,0.3744758270836921,0.9586888888888888,0.3497783537356515,0.9764705882352941,4448.0,52.0,56.0,34.0,ok,overlap_feature_noise_IR=50:1,overlap_feature_noise,0.7,0.15,0.0,50,10500,210,50.0,4500,90,50.0,1
synthetic,SMOTE-ENN + RF,0.5,0.6737777777777778,0.2773109243697479,0.36666666666666664,0.3157894736842105,0.5997159821609386,0.30323262878383095,0.9455111111111112,0.2721227076214329,0.9688453159041395,4414.0,86.0,57.0,33.0,ok,overlap_feature_noise_IR=50:1,overlap_feature_noise,0.7,0.15,0.0,50,10500,210,50.0,4500,90,50.0,1
synthetic,Balanced Bagging,0.5,0.8302222222222222,0.12614259597806216,0.7666666666666667,0.21664050235478807,0.8277859805708415,0.28263000688081164,0.9189444444444445,0.2556423811194273,0.891285403050109,4022.0,478.0,21.0,69.0,ok,overlap_feature_noise_IR=50:1,overlap_feature_noise,0.7,0.15,0.0,50,10500,210,50.0,4500,90,50.0,1
synthetic,Balanced Random Forest,0.5,0.8646666666666667,0.1655328798185941,0.8111111111111111,0.2749529190207156,0.86300651614781,0.3431330593338238,0.9331802469135803,0.34763290176567835,0.9161220043572985,4132.0,368.0,17.0,73.0,ok,overlap_feature_noise_IR=50:1,overlap_feature_noise,0.7,0.15,0.0,50,10500,210,50.0,4500,90,50.0,1
synthetic,EasyEnsemble,0.5,0.769,0.060922541340295906,0.7777777777777778,0.11299435028248588,0.7689499012401809,0.1721898059566,0.8601555555555556,0.15414425125113437,0.760566448801743,3421.0,1079.0,20.0,70.0,ok,overlap_feature_noise_IR=50:1,overlap_feature_noise,0.7,0.15,0.0,50,10500,210,50.0,4500,90,50.0,1
synthetic,RUSBoost,0.5,,,,,,,,,,,,,,"error: ValueError: BaseClassifier in AdaBoostClassifier ensemble is worse than random, ensemble can not be fit.",overlap_feature_noise_IR=50:1,overlap_feature_noise,0.7,0.15,0.0,50,10500,210,50.0,4500,90,50.0,1
synthetic,Baseline RF,0.5,0.5166666666666667,1.0,0.03333333333333333,0.06451612903225806,0.18257418583505536,0.1808344874126683,0.943520987654321,0.5814209680060669,0.9810457516339869,4500.0,0.0,87.0,3.0,ok,overlap_feature_noise_IR=50:1,overlap_feature_noise,0.7,0.15,0.0,50,10500,210,50.0,4500,90,50.0,2
synthetic,RF (balanced_subsample),0.5,0.5111111111111111,1.0,0.022222222222222223,0.043478260869565216,0.14907119849998599,0.14763464883937313,0.9656740740740741,0.6204834575222237,0.9808278867102397,4500.0,0.0,88.0,2.0,ok,overlap_feature_noise_IR=50:1,overlap_feature_noise,0.7,0.15,0.0,50,10500,210,50.0,4500,90,50.0,2
synthetic,Class weight LogisticRegression,0.5,0.8008888888888889,0.07192118226600985,0.8111111111111111,0.1321266968325792,0.8008236500744209,0.20104469308486933,0.8695012345679012,0.11570713403159681,0.7910675381263617,3558.0,942.0,17.0,73.0,ok,overlap_feature_noise_IR=50:1,overlap_feature_noise,0.7,0.15,0.0,50,10500,210,50.0,4500,90,50.0,2
synthetic,Custom weighted log-loss LR,0.5,0.5898888888888889,0.29310344827586204,0.18888888888888888,0.22972972972972974,0.43262905731650514,0.22315394664440394,0.8531283950617283,0.19136782766788013,0.9751633986928104,4459.0,41.0,73.0,17.0,ok,overlap_feature_noise_IR=50:1,overlap_feature_noise,0.7,0.15,0.0,50,10500,210,50.0,4500,90,50.0,2
synthetic,Random Oversampling + RF,0.5,0.5444444444444444,1.0,0.08888888888888889,0.16326530612244897,0.29814239699997197,0.2954625578484583,0.9512086419753087,0.6148464325908254,0.9821350762527233,4500.0,0.0,82.0,8.0,ok,overlap_feature_noise_IR=50:1,overlap_feature_noise,0.7,0.15,0.0,50,10500,210,50.0,4500,90,50.0,2
synthetic,Random Undersampling + RF,0.5,0.8715555555555555,0.11532846715328467,0.8777777777777778,0.20387096774193547,0.8715333443823996,0.2891515080947952,0.9509753086419752,0.3654029481983229,0.8655773420479302,3894.0,606.0,11.0,79.0,ok,overlap_feature_noise_IR=50:1,overlap_feature_noise,0.7,0.15,0.0,50,10500,210,50.0,4500,90,50.0,2
synthetic,SMOTE + RF,0.5,0.709,0.6666666666666666,0.4222222222222222,0.5170068027210885,0.6484130675524974,0.5233274388052721,0.9668493827160494,0.5593332888730176,0.9845315904139433,4481.0,19.0,52.0,38.0,ok,overlap_feature_noise_IR=50:1,overlap_feature_noise,0.7,0.15,0.0,50,10500,210,50.0,4500,90,50.0,2
synthetic,Borderline-SMOTE + RF,0.5,0.6822222222222222,0.7674418604651163,0.36666666666666664,0.49624060150375937,0.6048568854298113,0.5245201068257462,0.9692259259259259,0.5987483182635323,0.9854030501089325,4490.0,10.0,57.0,33.0,ok,overlap_feature_noise_IR=50:1,overlap_feature_noise,0.7,0.15,0.0,50,10500,210,50.0,4500,90,50.0,2
synthetic,ADASYN + RF,0.5,0.6812222222222222,0.6346153846153846,0.36666666666666664,0.4647887323943662,0.6042503773424709,0.47482660103196006,0.9700666666666667,0.5582563750876429,0.983442265795207,4481.0,19.0,57.0,33.0,ok,overlap_feature_noise_IR=50:1,overlap_feature_noise,0.7,0.15,0.0,50,10500,210,50.0,4500,90,50.0,2
synthetic,SMOTE-Tomek + RF,0.5,0.709,0.6666666666666666,0.4222222222222222,0.5170068027210885,0.6484130675524974,0.5233274388052721,0.9668493827160494,0.5593332888730176,0.9845315904139433,4481.0,19.0,52.0,38.0,ok,overlap_feature_noise_IR=50:1,overlap_feature_noise,0.7,0.15,0.0,50,10500,210,50.0,4500,90,50.0,2
synthetic,SMOTE-ENN + RF,0.5,0.7193333333333334,0.6060606060606061,0.4444444444444444,0.5128205128205128,0.6647379507820179,0.510891738963749,0.9677703703703704,0.5335554615230342,0.983442265795207,4474.0,26.0,50.0,40.0,ok,overlap_feature_noise_IR=50:1,overlap_feature_noise,0.7,0.15,0.0,50,10500,210,50.0,4500,90,50.0,2
synthetic,Balanced Bagging,0.5,0.8512222222222222,0.1298932384341637,0.8111111111111111,0.22392638036809817,0.8502766434345768,0.2971163867495766,0.9326777777777778,0.2956222794507835,0.889760348583878,4011.0,489.0,17.0,73.0,ok,overlap_feature_noise_IR=50:1,overlap_feature_noise,0.7,0.15,0.0,50,10500,210,50.0,4500,90,50.0,2
synthetic,Balanced Random Forest,0.5,0.8497777777777777,0.2125,0.7555555555555555,0.33170731707317075,0.8445380065126994,0.3808559938562161,0.9613123456790124,0.4673630930765139,0.9403050108932461,4248.0,252.0,22.0,68.0,ok,overlap_feature_noise_IR=50:1,overlap_feature_noise,0.7,0.15,0.0,50,10500,210,50.0,4500,90,50.0,2
synthetic,EasyEnsemble,0.5,0.8125555555555556,0.0741106719367589,0.8333333333333334,0.13611615245009073,0.8122898588649343,0.20906161723071923,0.8647283950617285,0.1249570781589709,0.7925925925925926,3563.0,937.0,15.0,75.0,ok,overlap_feature_noise_IR=50:1,overlap_feature_noise,0.7,0.15,0.0,50,10500,210,50.0,4500,90,50.0,2
synthetic,RUSBoost,0.5,,,,,,,,,,,,,,"error: ValueError: BaseClassifier in AdaBoostClassifier ensemble is worse than random, ensemble can not be fit.",overlap_feature_noise_IR=50:1,overlap_feature_noise,0.7,0.15,0.0,50,10500,210,50.0,4500,90,50.0,2
synthetic,Baseline RF,0.5,0.5083333333333333,1.0,0.016666666666666666,0.03278688524590164,0.12909944487358055,0.12846934910327693,0.8585458333333332,0.37869483359879397,0.9902640264026402,6000.0,0.0,59.0,1.0,ok,overlap_feature_noise_IR=100:1,overlap_feature_noise,0.7,0.15,0.0,100,14000,140,100.0,6000,60,100.0,0
synthetic,RF (balanced_subsample),0.5,0.5083333333333333,1.0,0.016666666666666666,0.03278688524590164,0.12909944487358055,0.12846934910327693,0.9525458333333334,0.586446385296257,0.9902640264026402,6000.0,0.0,59.0,1.0,ok,overlap_feature_noise_IR=100:1,overlap_feature_noise,0.7,0.15,0.0,100,14000,140,100.0,6000,60,100.0,0
synthetic,Class weight LogisticRegression,0.5,0.6527499999999999,0.020564042303172738,0.5833333333333334,0.039727582292849034,0.6490484487993857,0.06730372077380525,0.7462583333333334,0.053972534527428825,0.7207920792079208,4333.0,1667.0,25.0,35.0,ok,overlap_feature_noise_IR=100:1,overlap_feature_noise,0.7,0.15,0.0,100,14000,140,100.0,6000,60,100.0,0
synthetic,Custom weighted log-loss LR,0.5,0.55825,0.875,0.11666666666666667,0.20588235294117646,0.3415365605937704,0.3176747688398239,0.7076555555555556,0.26013592967406374,0.9910891089108911,5999.0,1.0,53.0,7.0,ok,overlap_feature_noise_IR=100:1,overlap_feature_noise,0.7,0.15,0.0,100,14000,140,100.0,6000,60,100.0,0
synthetic,Random Oversampling + RF,0.5,0.5333333333333333,1.0,0.06666666666666667,0.125,0.2581988897471611,0.2570023310217136,0.9444861111111111,0.4795649004477917,0.9907590759075907,6000.0,0.0,56.0,4.0,ok,overlap_feature_noise_IR=100:1,overlap_feature_noise,0.7,0.15,0.0,100,14000,140,100.0,6000,60,100.0,0
synthetic,Random Undersampling + RF,0.5,0.8492500000000001,0.049010367577756835,0.8666666666666667,0.0927743086529884,0.849071388177827,0.181977795866282,0.9077486111111112,0.2879313004908902,0.8321782178217821,4991.0,1009.0,8.0,52.0,ok,overlap_feature_noise_IR=100:1,overlap_feature_noise,0.7,0.15,0.0,100,14000,140,100.0,6000,60,100.0,0
synthetic,SMOTE + RF,0.5,0.60825,0.9285714285714286,0.21666666666666667,0.35135135135135137,0.46543587695358807,0.4464893063926932,0.9715597222222222,0.5730049374575573,0.9920792079207921,5999.0,1.0,47.0,13.0,ok,overlap_feature_noise_IR=100:1,overlap_feature_noise,0.7,0.15,0.0,100,14000,140,100.0,6000,60,100.0,0
synthetic,Borderline-SMOTE + RF,0.5,0.5833333333333334,1.0,0.16666666666666666,0.2857142857142857,0.408248290463863,0.4065578140908709,0.9601847222222222,0.5276199175359888,0.9917491749174917,6000.0,0.0,50.0,10.0,ok,overlap_feature_noise_IR=100:1,overlap_feature_noise,0.7,0.15,0.0,100,14000,140,100.0,6000,60,100.0,0
synthetic,ADASYN + RF,0.5,0.6165833333333334,0.9333333333333333,0.23333333333333334,0.37333333333333335,0.48300563603797053,0.46459435897334556,0.9508708333333333,0.5497568084773002,0.9922442244224422,5999.0,1.0,46.0,14.0,ok,overlap_feature_noise_IR=100:1,overlap_feature_noise,0.7,0.15,0.0,100,14000,140,100.0,6000,60,100.0,0
synthetic,SMOTE-Tomek + RF,0.5,0.60825,0.9285714285714286,0.21666666666666667,0.35135135135135137,0.46543587695358807,0.4464893063926932,0.9715597222222222,0.5730049374575573,0.9920792079207921,5999.0,1.0,47.0,13.0,ok,overlap_feature_noise_IR=100:1,overlap_feature_noise,0.7,0.15,0.0,100,14000,140,100.0,6000,60,100.0,0
synthetic,SMOTE-ENN + RF,0.5,0.6415833333333334,0.9444444444444444,0.2833333333333333,0.4358974358974359,0.5322462880200398,0.5151892184958743,0.9658208333333334,0.5396320173261394,0.9927392739273927,5999.0,1.0,43.0,17.0,ok,overlap_feature_noise_IR=100:1,overlap_feature_noise,0.7,0.15,0.0,100,14000,140,100.0,6000,60,100.0,0
synthetic,Balanced Bagging,0.5,0.8223333333333334,0.09052631578947369,0.7166666666666667,0.16074766355140188,0.8155161964465615,0.23748056410824692,0.9222347222222222,0.25356725343364894,0.9259075907590759,5568.0,432.0,17.0,43.0,ok,overlap_feature_noise_IR=100:1,overlap_feature_noise,0.7,0.15,0.0,100,14000,140,100.0,6000,60,100.0,0
synthetic,Balanced Random Forest,0.5,0.8189166666666666,0.18779342723004694,0.6666666666666666,0.29304029304029305,0.8046393256885003,0.34292734222236465,0.9283694444444445,0.4174901298009819,0.9681518151815182,5827.0,173.0,20.0,40.0,ok,overlap_feature_noise_IR=100:1,overlap_feature_noise,0.7,0.15,0.0,100,14000,140,100.0,6000,60,100.0,0
synthetic,EasyEnsemble,0.5,0.749,0.0267197271176805,0.7833333333333333,0.05167674546454096,0.748212685151904,0.10863329491024569,0.8062777777777778,0.12624172856698582,0.7153465346534653,4288.0,1712.0,13.0,47.0,ok,overlap_feature_noise_IR=100:1,overlap_feature_noise,0.7,0.15,0.0,100,14000,140,100.0,6000,60,100.0,0
synthetic,RUSBoost,0.5,0.6245,0.020209059233449476,0.48333333333333334,0.03879598662207358,0.6083356164340719,0.057992092358837566,0.6776458333333334,0.02114168715341567,0.7628712871287129,4594.0,1406.0,31.0,29.0,ok,overlap_feature_noise_IR=100:1,overlap_feature_noise,0.7,0.15,0.0,100,14000,140,100.0,6000,60,100.0,0
synthetic,Baseline RF,0.5,0.5083333333333333,1.0,0.016666666666666666,0.03278688524590164,0.12909944487358055,0.12846934910327693,0.9376333333333333,0.5311285807796872,0.9902640264026402,6000.0,0.0,59.0,1.0,ok,overlap_feature_noise_IR=100:1,overlap_feature_noise,0.7,0.15,0.0,100,14000,140,100.0,6000,60,100.0,1
synthetic,RF (balanced_subsample),0.5,0.5416666666666666,1.0,0.08333333333333333,0.15384615384615385,0.28867513459481287,0.28736106756903906,0.9238166666666667,0.5522416997148407,0.990924092409241,6000.0,0.0,55.0,5.0,ok,overlap_feature_noise_IR=100:1,overlap_feature_noise,0.7,0.15,0.0,100,14000,140,100.0,6000,60,100.0,1
synthetic,Class weight LogisticRegression,0.5,0.8161666666666667,0.04554079696394687,0.8,0.08617594254937164,0.816006535921537,0.16517016341986326,0.880186111111111,0.34384957382846726,0.832013201320132,4994.0,1006.0,12.0,48.0,ok,overlap_feature_noise_IR=100:1,overlap_feature_noise,0.7,0.15,0.0,100,14000,140,100.0,6000,60,100.0,1
synthetic,Custom weighted log-loss LR,0.5,0.7830833333333334,0.918918918918919,0.5666666666666667,0.7010309278350515,0.7525844360158754,0.7195951925327612,0.8808138888888889,0.6512953744775422,0.9952145214521452,5997.0,3.0,26.0,34.0,ok,overlap_feature_noise_IR=100:1,overlap_feature_noise,0.7,0.15,0.0,100,14000,140,100.0,6000,60,100.0,1
synthetic,Random Oversampling + RF,0.5,0.5416666666666666,1.0,0.08333333333333333,0.15384615384615385,0.28867513459481287,0.28736106756903906,0.9405805555555555,0.5845465271272751,0.990924092409241,6000.0,0.0,55.0,5.0,ok,overlap_feature_noise_IR=100:1,overlap_feature_noise,0.7,0.15,0.0,100,14000,140,100.0,6000,60,100.0,1
synthetic,Random Undersampling + RF,0.5,0.8349166666666668,0.05790108564535585,0.8,0.10798650168728909,0.8341862302068206,0.19299603240071717,0.9132138888888888,0.4064316687769908,0.8691419141914192,5219.0,781.0,12.0,48.0,ok,overlap_feature_noise_IR=100:1,overlap_feature_noise,0.7,0.15,0.0,100,14000,140,100.0,6000,60,100.0,1
synthetic,SMOTE + RF,0.5,0.6906666666666667,0.6571428571428571,0.38333333333333336,0.4842105263157895,0.6185197382999726,0.49824560020822306,0.9572375,0.5131645756449719,0.9919141914191419,5988.0,12.0,37.0,23.0,ok,overlap_feature_noise_IR=100:1,overlap_feature_noise,0.7,0.15,0.0,100,14000,140,100.0,6000,60,100.0,1
synthetic,Borderline-SMOTE + RF,0.5,0.6826666666666666,0.7333333333333333,0.36666666666666664,0.4888888888888889,0.6051262494535977,0.5153725299873491,0.963311111111111,0.5422676463670113,0.9924092409240924,5992.0,8.0,38.0,22.0,ok,overlap_feature_noise_IR=100:1,overlap_feature_noise,0.7,0.15,0.0,100,14000,140,100.0,6000,60,100.0,1
synthetic,ADASYN + RF,0.5,0.6740833333333334,0.65625,0.35,0.45652173913043476,0.5910654222108863,0.4756383118150012,0.9558736111111111,0.5187001588738592,0.9917491749174917,5989.0,11.0,39.0,21.0,ok,overlap_feature_noise_IR=100:1,overlap_feature_noise,0.7,0.15,0.0,100,14000,140,100.0,6000,60,100.0,1
synthetic,SMOTE-Tomek + RF,0.5,0.6906666666666667,0.6571428571428571,0.38333333333333336,0.4842105263157895,0.6185197382999726,0.49824560020822306,0.9572375,0.5131645756449719,0.9919141914191419,5988.0,12.0,37.0,23.0,ok,overlap_feature_noise_IR=100:1,overlap_feature_noise,0.7,0.15,0.0,100,14000,140,100.0,6000,60,100.0,1
synthetic,SMOTE-ENN + RF,0.5,0.6823333333333333,0.6470588235294118,0.36666666666666664,0.46808510638297873,0.6049242376804994,0.48338514008091055,0.9606541666666667,0.49382972090116634,0.9917491749174917,5988.0,12.0,38.0,22.0,ok,overlap_feature_noise_IR=100:1,overlap_feature_noise,0.7,0.15,0.0,100,14000,140,100.0,6000,60,100.0,1
synthetic,Balanced Bagging,0.5,0.8322499999999999,0.08064516129032258,0.75,0.14563106796116504,0.8281757059948088,0.22754581015448036,0.9077986111111112,0.2829855743764641,0.9128712871287129,5487.0,513.0,15.0,45.0,ok,overlap_feature_noise_IR=100:1,overlap_feature_noise,0.7,0.15,0.0,100,14000,140,100.0,6000,60,100.0,1
synthetic,Balanced Random Forest,0.5,0.845,0.14473684210526316,0.7333333333333333,0.24175824175824176,0.8375891329020186,0.3129703219835479,0.9203958333333332,0.49290556712312,0.9544554455445544,5740.0,260.0,16.0,44.0,ok,overlap_feature_noise_IR=100:1,overlap_feature_noise,0.7,0.15,0.0,100,14000,140,100.0,6000,60,100.0,1
synthetic,EasyEnsemble,0.5,0.831,0.043256997455470736,0.85,0.08232445520581114,0.8307827634225448,0.1655762084651133,0.8817027777777777,0.31923030947341857,0.8123762376237624,4872.0,1128.0,9.0,51.0,ok,overlap_feature_noise_IR=100:1,overlap_feature_noise,0.7,0.15,0.0,100,14000,140,100.0,6000,60,100.0,1
synthetic,RUSBoost,0.5,0.6733333333333333,0.017341040462427744,0.8,0.033946251768033946,0.6613118276073198,0.06890494315953695,0.6733333333333333,0.015853030389744175,0.5491749174917492,3280.0,2720.0,12.0,48.0,ok,overlap_feature_noise_IR=100:1,overlap_feature_noise,0.7,0.15,0.0,100,14000,140,100.0,6000,60,100.0,1
synthetic,Baseline RF,0.5,0.5,0.0,0.0,0.0,0.0,0.0,0.8883013888888888,0.29069325469064494,0.9900990099009901,6000.0,0.0,60.0,0.0,ok,overlap_feature_noise_IR=100:1,overlap_feature_noise,0.7,0.15,0.0,100,14000,140,100.0,6000,60,100.0,2
synthetic,RF (balanced_subsample),0.5,0.5083333333333333,1.0,0.016666666666666666,0.03278688524590164,0.12909944487358055,0.12846934910327693,0.961773611111111,0.4477903182954979,0.9902640264026402,6000.0,0.0,59.0,1.0,ok,overlap_feature_noise_IR=100:1,overlap_feature_noise,0.7,0.15,0.0,100,14000,140,100.0,6000,60,100.0,2
synthetic,Class weight LogisticRegression,0.5,0.78075,0.03826530612244898,0.75,0.07281553398058252,0.7801442174367506,0.14057546296650245,0.8517,0.13513667936861362,0.810891089108911,4869.0,1131.0,15.0,45.0,ok,overlap_feature_noise_IR=100:1,overlap_feature_noise,0.7,0.15,0.0,100,14000,140,100.0,6000,60,100.0,2
synthetic,Custom weighted log-loss LR,0.5,0.5979166666666667,0.32432432432432434,0.2,0.24742268041237114,0.4462809279665295,0.2489032532310846,0.8425,0.25115847658960283,0.987953795379538,5975.0,25.0,48.0,12.0,ok,overlap_feature_noise_IR=100:1,overlap_feature_noise,0.7,0.15,0.0,100,14000,140,100.0,6000,60,100.0,2
synthetic,Random Oversampling + RF,0.5,0.525,1.0,0.05,0.09523809523809523,0.22360679774997896,0.22255217373611663,0.9446277777777778,0.42842593054405503,0.9905940594059406,6000.0,0.0,57.0,3.0,ok,overlap_feature_noise_IR=100:1,overlap_feature_noise,0.7,0.15,0.0,100,14000,140,100.0,6000,60,100.0,2
synthetic,Random Undersampling + RF,0.5,0.82175,0.04503676470588235,0.8166666666666667,0.08536585365853659,0.8217342771372156,0.16600447440314256,0.8932027777777778,0.26166811735741274,0.8267326732673267,4961.0,1039.0,11.0,49.0,ok,overlap_feature_noise_IR=100:1,overlap_feature_noise,0.7,0.15,0.0,100,14000,140,100.0,6000,60,100.0,2
synthetic,SMOTE + RF,0.5,0.6490833333333333,0.6206896551724138,0.3,0.4044943820224719,0.547220248163388,0.42777625824214416,0.9707097222222222,0.44508598564505936,0.9912541254125412,5989.0,11.0,42.0,18.0,ok,overlap_feature_noise_IR=100:1,overlap_feature_noise,0.7,0.15,0.0,100,14000,140,100.0,6000,60,100.0,2
synthetic,Borderline-SMOTE + RF,0.5,0.6165,0.875,0.23333333333333334,0.3684210526315789,0.48296537718096894,0.44955719444666414,0.9649388888888889,0.4364170977591196,0.9920792079207921,5998.0,2.0,46.0,14.0,ok,overlap_feature_noise_IR=100:1,overlap_feature_noise,0.7,0.15,0.0,100,14000,140,100.0,6000,60,100.0,2
synthetic,ADASYN + RF,0.5,0.6323333333333333,0.5714285714285714,0.26666666666666666,0.36363636363636365,0.5158811232574161,0.38640329041299015,0.9616180555555556,0.422738120978001,0.9907590759075907,5988.0,12.0,44.0,16.0,ok,overlap_feature_noise_IR=100:1,overlap_feature_noise,0.7,0.15,0.0,100,14000,140,100.0,6000,60,100.0,2
synthetic,SMOTE-Tomek + RF,0.5,0.6490833333333333,0.6206896551724138,0.3,0.4044943820224719,0.547220248163388,0.42777625824214416,0.9707097222222222,0.44508598564505936,0.9912541254125412,5989.0,11.0,42.0,18.0,ok,overlap_feature_noise_IR=100:1,overlap_feature_noise,0.7,0.15,0.0,100,14000,140,100.0,6000,60,100.0,2
synthetic,SMOTE-ENN + RF,0.5,0.6656666666666666,0.625,0.3333333333333333,0.43478260869565216,0.5767726299562651,0.4526419166530504,0.9714388888888889,0.4521721442898667,0.9914191419141914,5988.0,12.0,40.0,20.0,ok,overlap_feature_noise_IR=100:1,overlap_feature_noise,0.7,0.15,0.0,100,14000,140,100.0,6000,60,100.0,2
synthetic,Balanced Bagging,0.5,0.82325,0.07787610619469026,0.7333333333333333,0.1408,0.8183248472065086,0.22014646050831593,0.8903236111111111,0.24498286513556145,0.9113861386138614,5479.0,521.0,16.0,44.0,ok,overlap_feature_noise_IR=100:1,overlap_feature_noise,0.7,0.15,0.0,100,14000,140,100.0,6000,60,100.0,2
synthetic,Balanced Random Forest,0.5,0.8283333333333334,0.1390728476821192,0.7,0.23204419889502761,0.8183316361150085,0.29878371307937446,0.9339138888888889,0.3290692846307367,0.9541254125412542,5740.0,260.0,18.0,42.0,ok,overlap_feature_noise_IR=100:1,overlap_feature_noise,0.7,0.15,0.0,100,14000,140,100.0,6000,60,100.0,2
synthetic,EasyEnsemble,0.5,0.7756666666666667,0.03637833468067906,0.75,0.06939090208172706,0.7752418977325722,0.13543222706087615,0.8524083333333334,0.16260095338976813,0.8008250825082508,4808.0,1192.0,15.0,45.0,ok,overlap_feature_noise_IR=100:1,overlap_feature_noise,0.7,0.15,0.0,100,14000,140,100.0,6000,60,100.0,2
synthetic,RUSBoost,0.5,,,,,,,,,,,,,,"error: ValueError: BaseClassifier in AdaBoostClassifier ensemble is worse than random, ensemble can not be fit.",overlap_feature_noise_IR=100:1,overlap_feature_noise,0.7,0.15,0.0,100,14000,140,100.0,6000,60,100.0,2
synthetic,Baseline RF,0.5,0.5,0.0,0.0,0.0,0.0,0.0,0.6059711111111111,0.07505968161578423,0.999000999000999,15000.0,0.0,15.0,0.0,ok,overlap_feature_noise_IR=1000:1,overlap_feature_noise,0.7,0.15,0.0,1000,35000,35,1000.0,15000,15,1000.0,0
synthetic,RF (balanced_subsample),0.5,0.5,0.0,0.0,0.0,0.0,0.0,0.5745733333333334,0.00600341687298209,0.999000999000999,15000.0,0.0,15.0,0.0,ok,overlap_feature_noise_IR=1000:1,overlap_feature_noise,0.7,0.15,0.0,1000,35000,35,1000.0,15000,15,1000.0,0
synthetic,Class weight LogisticRegression,0.5,0.5488666666666666,0.0013215859030837004,0.4,0.0026344676180021956,0.5282928480808096,0.006722472403279323,0.5586044444444445,0.006818145022523583,0.6974358974358974,10466.0,4534.0,9.0,6.0,ok,overlap_feature_noise_IR=1000:1,overlap_feature_noise,0.7,0.15,0.0,1000,35000,35,1000.0,15000,15,1000.0,0
synthetic,Custom weighted log-loss LR,0.5,0.5,0.0,0.0,0.0,0.0,0.0,0.6111511111111111,0.0690805726490455,0.999000999000999,15000.0,0.0,15.0,0.0,ok,overlap_feature_noise_IR=1000:1,overlap_feature_noise,0.7,0.15,0.0,1000,35000,35,1000.0,15000,15,1000.0,0
synthetic,Random Oversampling + RF,0.5,0.5,0.0,0.0,0.0,0.0,0.0,0.6644044444444445,0.010798802021024245,0.999000999000999,15000.0,0.0,15.0,0.0,ok,overlap_feature_noise_IR=1000:1,overlap_feature_noise,0.7,0.15,0.0,1000,35000,35,1000.0,15000,15,1000.0,0
synthetic,Random Undersampling + RF,0.5,0.5537666666666667,0.0012509773260359655,0.5333333333333333,0.0024960998439937598,0.5533895553766804,0.006870058893648115,0.5678622222222222,0.001258139100581591,0.5741591741591742,8613.0,6387.0,7.0,8.0,ok,overlap_feature_noise_IR=1000:1,overlap_feature_noise,0.7,0.15,0.0,1000,35000,35,1000.0,15000,15,1000.0,0
synthetic,SMOTE + RF,0.5,0.49993333333333334,0.0,0.0,0.0,0.0,-0.000364990243484954,0.7109666666666667,0.0044147615470566115,0.9988677988677989,14998.0,2.0,15.0,0.0,ok,overlap_feature_noise_IR=1000:1,overlap_feature_noise,0.7,0.15,0.0,1000,35000,35,1000.0,15000,15,1000.0,0
synthetic,Borderline-SMOTE + RF,0.5,0.49996666666666667,0.0,0.0,0.0,0.0,-0.00025807848121136835,0.5981955555555555,0.010580827463280615,0.998934398934399,14999.0,1.0,15.0,0.0,ok,overlap_feature_noise_IR=1000:1,overlap_feature_noise,0.7,0.15,0.0,1000,35000,35,1000.0,15000,15,1000.0,0
synthetic,ADASYN + RF,0.5,0.49996666666666667,0.0,0.0,0.0,0.0,-0.00025807848121136835,0.7651422222222222,0.005400830634929128,0.998934398934399,14999.0,1.0,15.0,0.0,ok,overlap_feature_noise_IR=1000:1,overlap_feature_noise,0.7,0.15,0.0,1000,35000,35,1000.0,15000,15,1000.0,0
synthetic,SMOTE-Tomek + RF,0.5,0.49993333333333334,0.0,0.0,0.0,0.0,-0.000364990243484954,0.7109666666666667,0.0044147615470566115,0.9988677988677989,14998.0,2.0,15.0,0.0,ok,overlap_feature_noise_IR=1000:1,overlap_feature_noise,0.7,0.15,0.0,1000,35000,35,1000.0,15000,15,1000.0,0
synthetic,SMOTE-ENN + RF,0.5,0.4999,0.0,0.0,0.0,0.0,-0.00044703481732151674,0.7199044444444445,0.0034253569324823813,0.9988011988011988,14997.0,3.0,15.0,0.0,ok,overlap_feature_noise_IR=1000:1,overlap_feature_noise,0.7,0.15,0.0,1000,35000,35,1000.0,15000,15,1000.0,0
synthetic,Balanced Bagging,0.5,0.5470666666666667,0.0013915947676036739,0.3333333333333333,0.002771618625277162,0.5035871324805669,0.006970035823122598,0.5619711111111111,0.0012616493350116685,0.7603729603729604,11412.0,3588.0,10.0,5.0,ok,overlap_feature_noise_IR=1000:1,overlap_feature_noise,0.7,0.15,0.0,1000,35000,35,1000.0,15000,15,1000.0,0
synthetic,Balanced Random Forest,0.5,0.6164666666666666,0.0033090668431502318,0.3333333333333333,0.00655307994757536,0.5476008278542561,0.024460169028278377,0.6162888888888889,0.012368234727943295,0.899034299034299,13494.0,1506.0,10.0,5.0,ok,overlap_feature_noise_IR=1000:1,overlap_feature_noise,0.7,0.15,0.0,1000,35000,35,1000.0,15000,15,1000.0,0
synthetic,EasyEnsemble,0.5,0.5115666666666667,0.0010602579961123874,0.4,0.0021149101163200562,0.49925277498811493,0.0015080457646171467,0.5156799999999999,0.0025622950802793765,0.6229104229104229,9347.0,5653.0,9.0,6.0,ok,overlap_feature_noise_IR=1000:1,overlap_feature_noise,0.7,0.15,0.0,1000,35000,35,1000.0,15000,15,1000.0,0
synthetic,RUSBoost,0.5,,,,,,,,,,,,,,"error: ValueError: BaseClassifier in AdaBoostClassifier ensemble is worse than random, ensemble can not be fit.",overlap_feature_noise_IR=1000:1,overlap_feature_noise,0.7,0.15,0.0,1000,35000,35,1000.0,15000,15,1000.0,0
synthetic,Baseline RF,0.5,0.5,0.0,0.0,0.0,0.0,0.0,0.7736355555555555,0.06757258859213269,0.999000999000999,15000.0,0.0,15.0,0.0,ok,overlap_feature_noise_IR=1000:1,overlap_feature_noise,0.7,0.15,0.0,1000,35000,35,1000.0,15000,15,1000.0,1
synthetic,RF (balanced_subsample),0.5,0.5,0.0,0.0,0.0,0.0,0.0,0.8535577777777779,0.05827379189150812,0.999000999000999,15000.0,0.0,15.0,0.0,ok,overlap_feature_noise_IR=1000:1,overlap_feature_noise,0.7,0.15,0.0,1000,35000,35,1000.0,15000,15,1000.0,1
synthetic,Class weight LogisticRegression,0.5,0.8001,0.003988035892323031,0.8,0.007936507936507936,0.8000999937507811,0.04736712077040919,0.8248844444444443,0.2549863028808774,0.8001998001998002,12003.0,2997.0,3.0,12.0,ok,overlap_feature_noise_IR=1000:1,overlap_feature_noise,0.7,0.15,0.0,1000,35000,35,1000.0,15000,15,1000.0,1
synthetic,Custom weighted log-loss LR,0.5,0.5999666666666666,0.75,0.2,0.3157894736842105,0.44719868813164765,0.38702735115441494,0.7998977777777778,0.3095015958212468,0.9991341991341991,14999.0,1.0,12.0,3.0,ok,overlap_feature_noise_IR=1000:1,overlap_feature_noise,0.7,0.15,0.0,1000,35000,35,1000.0,15000,15,1000.0,1
synthetic,Random Oversampling + RF,0.5,0.5,0.0,0.0,0.0,0.0,0.0,0.7806355555555555,0.08979195415396264,0.999000999000999,15000.0,0.0,15.0,0.0,ok,overlap_feature_noise_IR=1000:1,overlap_feature_noise,0.7,0.15,0.0,1000,35000,35,1000.0,15000,15,1000.0,1
synthetic,Random Undersampling + RF,0.5,0.7423666666666666,0.0036509675063891934,0.6666666666666666,0.007262164124909223,0.7384969720843666,0.0396524191821093,0.8307511111111112,0.05652643773555907,0.8179154179154179,12271.0,2729.0,5.0,10.0,ok,overlap_feature_noise_IR=1000:1,overlap_feature_noise,0.7,0.15,0.0,1000,35000,35,1000.0,15000,15,1000.0,1
synthetic,SMOTE + RF,0.5,0.4997666666666667,0.0,0.0,0.0,0.0,-0.0006829479558851914,0.8976355555555555,0.05339073376704932,0.9985347985347985,14993.0,7.0,15.0,0.0,ok,overlap_feature_noise_IR=1000:1,overlap_feature_noise,0.7,0.15,0.0,1000,35000,35,1000.0,15000,15,1000.0,1
synthetic,Borderline-SMOTE + RF,0.5,0.49983333333333335,0.0,0.0,0.0,0.0,-0.0005771579152715135,0.8485644444444446,0.03128824179353265,0.9986679986679987,14995.0,5.0,15.0,0.0,ok,overlap_feature_noise_IR=1000:1,overlap_feature_noise,0.7,0.15,0.0,1000,35000,35,1000.0,15000,15,1000.0,1
synthetic,ADASYN + RF,0.5,0.5331333333333333,0.14285714285714285,0.06666666666666667,0.09090909090909091,0.25814724480420087,0.09697860973569716,0.8969822222222222,0.06563776396562665,0.9986679986679987,14994.0,6.0,14.0,1.0,ok,overlap_feature_noise_IR=1000:1,overlap_feature_noise,0.7,0.15,0.0,1000,35000,35,1000.0,15000,15,1000.0,1
synthetic,SMOTE-Tomek + RF,0.5,0.4997666666666667,0.0,0.0,0.0,0.0,-0.0006829479558851914,0.8976355555555555,0.05339073376704932,0.9985347985347985,14993.0,7.0,15.0,0.0,ok,overlap_feature_noise_IR=1000:1,overlap_feature_noise,0.7,0.15,0.0,1000,35000,35,1000.0,15000,15,1000.0,1
synthetic,SMOTE-ENN + RF,0.5,0.4997333333333333,0.0,0.0,0.0,0.0,-0.0007301264003844919,0.9544244444444445,0.05118092572158618,0.9984681984681985,14992.0,8.0,15.0,0.0,ok,overlap_feature_noise_IR=1000:1,overlap_feature_noise,0.7,0.15,0.0,1000,35000,35,1000.0,15000,15,1000.0,1
synthetic,Balanced Bagging,0.5,0.7643,0.004805382027871216,0.6666666666666666,0.009541984732824428,0.7580384041869002,0.04832990588739138,0.7953644444444444,0.01183528339999261,0.8617382617382617,12929.0,2071.0,5.0,10.0,ok,overlap_feature_noise_IR=1000:1,overlap_feature_noise,0.7,0.15,0.0,1000,35000,35,1000.0,15000,15,1000.0,1
synthetic,Balanced Random Forest,0.5,0.7271333333333334,0.006700167504187605,0.5333333333333333,0.013234077750206782,0.7008312524741205,0.05304326301806105,0.8588555555555555,0.017920716593844442,0.9205461205461205,13814.0,1186.0,7.0,8.0,ok,overlap_feature_noise_IR=1000:1,overlap_feature_noise,0.7,0.15,0.0,1000,35000,35,1000.0,15000,15,1000.0,1
synthetic,EasyEnsemble,0.5,0.7153333333333334,0.0028169014084507044,0.6666666666666666,0.005610098176718092,0.7136759301905405,0.032020736142447485,0.8142666666666667,0.011249131037833976,0.7639027639027639,11460.0,3540.0,5.0,10.0,ok,overlap_feature_noise_IR=1000:1,overlap_feature_noise,0.7,0.15,0.0,1000,35000,35,1000.0,15000,15,1000.0,1
synthetic,RUSBoost,0.5,0.5859666666666667,0.0017508024511234317,0.4,0.003486345148169669,0.5556737652016094,0.012941661808674535,0.6163933333333333,0.0019385292204777082,0.7715617715617715,11579.0,3421.0,9.0,6.0,ok,overlap_feature_noise_IR=1000:1,overlap_feature_noise,0.7,0.15,0.0,1000,35000,35,1000.0,15000,15,1000.0,1
synthetic,Baseline RF,0.5,0.5,0.0,0.0,0.0,0.0,0.0,0.8146377777777777,0.10377744101805186,0.999000999000999,15000.0,0.0,15.0,0.0,ok,overlap_feature_noise_IR=1000:1,overlap_feature_noise,0.7,0.15,0.0,1000,35000,35,1000.0,15000,15,1000.0,2
synthetic,RF (balanced_subsample),0.5,0.5,0.0,0.0,0.0,0.0,0.0,0.6798622222222223,0.023363459430200254,0.999000999000999,15000.0,0.0,15.0,0.0,ok,overlap_feature_noise_IR=1000:1,overlap_feature_noise,0.7,0.15,0.0,1000,35000,35,1000.0,15000,15,1000.0,2
synthetic,Class weight LogisticRegression,0.5,0.6459666666666667,0.002204464039680353,0.5333333333333333,0.0043907793633369925,0.6360712748322052,0.021542488578140086,0.69276,0.007895341366514198,0.7583749583749584,11379.0,3621.0,7.0,8.0,ok,overlap_feature_noise_IR=1000:1,overlap_feature_noise,0.7,0.15,0.0,1000,35000,35,1000.0,15000,15,1000.0,2
synthetic,Custom weighted log-loss LR,0.5,0.5333333333333333,1.0,0.06666666666666667,0.125,0.2581988897471611,0.25807848121136834,0.6499288888888889,0.20271519843740698,0.9990675990675991,15000.0,0.0,14.0,1.0,ok,overlap_feature_noise_IR=1000:1,overlap_feature_noise,0.7,0.15,0.0,1000,35000,35,1000.0,15000,15,1000.0,2
synthetic,Random Oversampling + RF,0.5,0.5,0.0,0.0,0.0,0.0,0.0,0.8419111111111112,0.019461399034569768,0.999000999000999,15000.0,0.0,15.0,0.0,ok,overlap_feature_noise_IR=1000:1,overlap_feature_noise,0.7,0.15,0.0,1000,35000,35,1000.0,15000,15,1000.0,2
synthetic,Random Undersampling + RF,0.5,0.7212666666666667,0.002515435627715527,0.7333333333333333,0.005013673655423883,0.7211657229791222,0.030770594148356208,0.7830155555555556,0.015633321563644633,0.7092241092241093,10638.0,4362.0,4.0,11.0,ok,overlap_feature_noise_IR=1000:1,overlap_feature_noise,0.7,0.15,0.0,1000,35000,35,1000.0,15000,15,1000.0,2
synthetic,SMOTE + RF,0.5,0.49996666666666667,0.0,0.0,0.0,0.0,-0.00025807848121136835,0.7963977777777778,0.03221357860304837,0.998934398934399,14999.0,1.0,15.0,0.0,ok,overlap_feature_noise_IR=1000:1,overlap_feature_noise,0.7,0.15,0.0,1000,35000,35,1000.0,15000,15,1000.0,2
synthetic,Borderline-SMOTE + RF,0.5,0.49996666666666667,0.0,0.0,0.0,0.0,-0.00025807848121136835,0.8589577777777778,0.01723574781280519,0.998934398934399,14999.0,1.0,15.0,0.0,ok,overlap_feature_noise_IR=1000:1,overlap_feature_noise,0.7,0.15,0.0,1000,35000,35,1000.0,15000,15,1000.0,2
synthetic,ADASYN + RF,0.5,0.4999,0.0,0.0,0.0,0.0,-0.00044703481732151674,0.8487377777777778,0.02109152458155086,0.9988011988011988,14997.0,3.0,15.0,0.0,ok,overlap_feature_noise_IR=1000:1,overlap_feature_noise,0.7,0.15,0.0,1000,35000,35,1000.0,15000,15,1000.0,2
synthetic,SMOTE-Tomek + RF,0.5,0.49996666666666667,0.0,0.0,0.0,0.0,-0.00025807848121136835,0.7963977777777778,0.03221357860304837,0.998934398934399,14999.0,1.0,15.0,0.0,ok,overlap_feature_noise_IR=1000:1,overlap_feature_noise,0.7,0.15,0.0,1000,35000,35,1000.0,15000,15,1000.0,2
synthetic,SMOTE-ENN + RF,0.5,0.4999,0.0,0.0,0.0,0.0,-0.00044703481732151674,0.8808888888888889,0.02059603635449686,0.9988011988011988,14997.0,3.0,15.0,0.0,ok,overlap_feature_noise_IR=1000:1,overlap_feature_noise,0.7,0.15,0.0,1000,35000,35,1000.0,15000,15,1000.0,2
synthetic,Balanced Bagging,0.5,0.663,0.0033065658951346244,0.4666666666666667,0.006566604127579738,0.63326315400647,0.029592880732495816,0.7463755555555556,0.006451041782965534,0.858941058941059,12890.0,2110.0,8.0,7.0,ok,overlap_feature_noise_IR=1000:1,overlap_feature_noise,0.7,0.15,0.0,1000,35000,35,1000.0,15000,15,1000.0,2
synthetic,Balanced Random Forest,0.5,0.6298666666666667,0.004508566275924256,0.3333333333333333,0.008896797153024912,0.5556977595779922,0.031372711992432155,0.8128444444444445,0.031199977224388095,0.9258075258075258,13896.0,1104.0,10.0,5.0,ok,overlap_feature_noise_IR=1000:1,overlap_feature_noise,0.7,0.15,0.0,1000,35000,35,1000.0,15000,15,1000.0,2
synthetic,EasyEnsemble,0.5,0.6982333333333333,0.002461235540241201,0.6666666666666666,0.004904364884747425,0.697519414305676,0.028192124833490675,0.7224533333333334,0.014325903797689547,0.7297369297369297,10947.0,4053.0,5.0,10.0,ok,overlap_feature_noise_IR=1000:1,overlap_feature_noise,0.7,0.15,0.0,1000,35000,35,1000.0,15000,15,1000.0,2
synthetic,RUSBoost,0.5,0.6014666666666666,0.0016116035455278,0.5333333333333333,0.0032134966860815424,0.5975951807034592,0.013627748974542494,0.6014666666666666,0.0013257223571486263,0.6694638694638695,10044.0,4956.0,7.0,8.0,ok,overlap_feature_noise_IR=1000:1,overlap_feature_noise,0.7,0.15,0.0,1000,35000,35,1000.0,15000,15,1000.0,2
