dataset,method,threshold,balanced_accuracy,precision,recall,f1,g_mean,mcc,roc_auc,pr_auc,accuracy,tn,fp,fn,tp,status,scenario,experiment,parameter,parameter_value,ir,train_c0,train_c1,train_ir_actual,test_c0,test_c1,test_ir_actual,class_sep,feature_noise_std,flip_y,seed
synthetic,Baseline RF,0.5,0.6776666666666666,0.9696969696969697,0.35555555555555557,0.5203252032520326,0.5962185364527646,0.5831321381556697,0.9600592592592592,0.7953208896129237,0.9871459694989106,4499,1,58,32,ok,dimensionality:n_features=10,dimensionality,n_features,10,50,10500,210,50.0,4500,90,50.0,1.0,0.0,0.0,0
synthetic,RF (balanced_subsample),0.5,0.6666666666666666,1.0,0.3333333333333333,0.5,0.5773502691896257,0.5735393346764044,0.968958024691358,0.7822037139552652,0.9869281045751634,4500,0,60,30,ok,dimensionality:n_features=10,dimensionality,n_features,10,50,10500,210,50.0,4500,90,50.0,1.0,0.0,0.0,0
synthetic,Class weight LogisticRegression,0.5,0.8067777777777778,0.08255813953488372,0.7888888888888889,0.14947368421052631,0.8065794259528136,0.21801067669512061,0.9046246913580247,0.22328440888970846,0.8239651416122005,3711,789,19,71,ok,dimensionality:n_features=10,dimensionality,n_features,10,50,10500,210,50.0,4500,90,50.0,1.0,0.0,0.0,0
synthetic,Custom weighted log-loss LR,0.5,0.6715555555555556,0.36363636363636365,0.35555555555555557,0.3595505617977528,0.5925629622221852,0.3469111130864218,0.9024123456790124,0.3544509351782563,0.9751633986928104,4444,56,58,32,ok,dimensionality:n_features=10,dimensionality,n_features,10,50,10500,210,50.0,4500,90,50.0,1.0,0.0,0.0,0
synthetic,Random Oversampling + RF,0.5,0.7166666666666667,1.0,0.43333333333333335,0.6046511627906976,0.6582805886043833,0.6545817426002275,0.9791185185185186,0.7722166260691217,0.9888888888888889,4500,0,51,39,ok,dimensionality:n_features=10,dimensionality,n_features,10,50,10500,210,50.0,4500,90,50.0,1.0,0.0,0.0,0
synthetic,Random Undersampling + RF,0.5,0.8844444444444444,0.12903225806451613,0.8888888888888888,0.22535211267605634,0.8844332774281066,0.3118889573279179,0.9538592592592592,0.5196509625641047,0.8801742919389978,3960,540,10,80,ok,dimensionality:n_features=10,dimensionality,n_features,10,50,10500,210,50.0,4500,90,50.0,1.0,0.0,0.0,0
synthetic,SMOTE + RF,0.5,0.8400000000000001,0.6078431372549019,0.6888888888888889,0.6458333333333334,0.8262962132908304,0.6396021490668313,0.9793790123456791,0.6974379949579614,0.9851851851851852,4460,40,28,62,ok,dimensionality:n_features=10,dimensionality,n_features,10,50,10500,210,50.0,4500,90,50.0,1.0,0.0,0.0,0
synthetic,Borderline-SMOTE + RF,0.5,0.7863333333333333,0.6933333333333334,0.5777777777777777,0.6303030303030303,0.7581719404976847,0.6262819676392042,0.9555,0.6792376182744446,0.9867102396514161,4477,23,38,52,ok,dimensionality:n_features=10,dimensionality,n_features,10,50,10500,210,50.0,4500,90,50.0,1.0,0.0,0.0,0
synthetic,ADASYN + RF,0.5,0.8118888888888889,0.57,0.6333333333333333,0.6,0.7920110362119214,0.5924261768825541,0.9793456790123456,0.6321651712555302,0.983442265795207,4457,43,33,57,ok,dimensionality:n_features=10,dimensionality,n_features,10,50,10500,210,50.0,4500,90,50.0,1.0,0.0,0.0,0
synthetic,SMOTE-Tomek + RF,0.5,0.8400000000000001,0.6078431372549019,0.6888888888888889,0.6458333333333334,0.8262962132908304,0.6396021490668313,0.9793790123456791,0.6974379949579614,0.9851851851851852,4460,40,28,62,ok,dimensionality:n_features=10,dimensionality,n_features,10,50,10500,210,50.0,4500,90,50.0,1.0,0.0,0.0,0
synthetic,SMOTE-ENN + RF,0.5,0.8488888888888889,0.5161290322580645,0.7111111111111111,0.5981308411214953,0.8376333503566042,0.5967252896603478,0.9784765432098765,0.6539062263377087,0.9812636165577342,4440,60,26,64,ok,dimensionality:n_features=10,dimensionality,n_features,10,50,10500,210,50.0,4500,90,50.0,1.0,0.0,0.0,0
synthetic,Balanced Bagging,0.5,0.8936666666666666,0.20052083333333334,0.8555555555555555,0.32489451476793246,0.892853657841523,0.3942628925269032,0.9621283950617284,0.40587781694743885,0.9302832244008714,4193,307,13,77,ok,dimensionality:n_features=10,dimensionality,n_features,10,50,10500,210,50.0,4500,90,50.0,1.0,0.0,0.0,0
synthetic,Balanced Random Forest,0.5,0.876,0.2153392330383481,0.8111111111111111,0.34032634032634035,0.873593402046264,0.3986575107069349,0.9651950617283951,0.5361089008566976,0.9383442265795207,4234,266,17,73,ok,dimensionality:n_features=10,dimensionality,n_features,10,50,10500,210,50.0,4500,90,50.0,1.0,0.0,0.0,0
synthetic,EasyEnsemble,0.5,0.8382222222222222,0.10136986301369863,0.8222222222222222,0.18048780487804877,0.8380695041744214,0.2564510984068623,0.9095283950617284,0.300780948237563,0.85359477124183,3844,656,16,74,ok,dimensionality:n_features=10,dimensionality,n_features,10,50,10500,210,50.0,4500,90,50.0,1.0,0.0,0.0,0
synthetic,RUSBoost,0.5,0.7197777777777778,0.06958762886597938,0.6,0.12471131639722864,0.7097417370659086,0.16259982734575637,0.7811629629629628,0.07783926227391436,0.8348583877995642,3778,722,36,54,ok,dimensionality:n_features=10,dimensionality,n_features,10,50,10500,210,50.0,4500,90,50.0,1.0,0.0,0.0,0
synthetic,Baseline RF,0.5,0.7611111111111111,1.0,0.5222222222222223,0.6861313868613139,0.7226494462892933,0.7192213364734481,0.9637580246913581,0.7994764078123845,0.9906318082788671,4500,0,43,47,ok,dimensionality:n_features=10,dimensionality,n_features,10,50,10500,210,50.0,4500,90,50.0,1.0,0.0,0.0,1
synthetic,RF (balanced_subsample),0.5,0.7277777777777777,1.0,0.45555555555555555,0.6259541984732825,0.6749485577105528,0.6713035782524505,0.9600666666666666,0.8184521972615714,0.9893246187363834,4500,0,49,41,ok,dimensionality:n_features=10,dimensionality,n_features,10,50,10500,210,50.0,4500,90,50.0,1.0,0.0,0.0,1
synthetic,Class weight LogisticRegression,0.5,0.8744444444444444,0.13824057450628366,0.8555555555555555,0.23802163833075735,0.8742404110405194,0.31798247850272865,0.9374888888888889,0.5753172482778067,0.8925925925925926,4020,480,13,77,ok,dimensionality:n_features=10,dimensionality,n_features,10,50,10500,210,50.0,4500,90,50.0,1.0,0.0,0.0,1
synthetic,Custom weighted log-loss LR,0.5,0.7955555555555556,0.574468085106383,0.6,0.5869565217391305,0.7711463328491336,0.5786547951928654,0.9320197530864197,0.62781738644323,0.983442265795207,4460,40,36,54,ok,dimensionality:n_features=10,dimensionality,n_features,10,50,10500,210,50.0,4500,90,50.0,1.0,0.0,0.0,1
synthetic,Random Oversampling + RF,0.5,0.7833333333333333,1.0,0.5666666666666667,0.723404255319149,0.752772652709081,0.7495316889958615,0.9584246913580247,0.8260186530901744,0.9915032679738562,4500,0,39,51,ok,dimensionality:n_features=10,dimensionality,n_features,10,50,10500,210,50.0,4500,90,50.0,1.0,0.0,0.0,1
synthetic,Random Undersampling + RF,0.5,0.9053333333333333,0.18518518518518517,0.8888888888888888,0.3065134099616858,0.9051839728427354,0.38493350270811044,0.9569802469135803,0.7362117340350799,0.9211328976034858,4148,352,10,80,ok,dimensionality:n_features=10,dimensionality,n_features,10,50,10500,210,50.0,4500,90,50.0,1.0,0.0,0.0,1
synthetic,SMOTE + RF,0.5,0.8758888888888889,0.8,0.7555555555555555,0.7771428571428571,0.8675835605680303,0.7731435464363824,0.9736716049382717,0.835578911358025,0.9915032679738562,4483,17,22,68,ok,dimensionality:n_features=10,dimensionality,n_features,10,50,10500,210,50.0,4500,90,50.0,1.0,0.0,0.0,1
synthetic,Borderline-SMOTE + RF,0.5,0.8483333333333334,0.8076923076923077,0.7,0.75,0.8352644291879469,0.7473442477958764,0.9755950617283952,0.8173126633495231,0.9908496732026144,4485,15,27,63,ok,dimensionality:n_features=10,dimensionality,n_features,10,50,10500,210,50.0,4500,90,50.0,1.0,0.0,0.0,1
synthetic,ADASYN + RF,0.5,0.8757777777777778,0.7906976744186046,0.7555555555555555,0.7727272727272727,0.867486791446033,0.7684934752409264,0.9730148148148148,0.8121777089608513,0.9912854030501089,4482,18,22,68,ok,dimensionality:n_features=10,dimensionality,n_features,10,50,10500,210,50.0,4500,90,50.0,1.0,0.0,0.0,1
synthetic,SMOTE-Tomek + RF,0.5,0.8758888888888889,0.8,0.7555555555555555,0.7771428571428571,0.8675835605680303,0.7731435464363824,0.9736716049382717,0.835578911358025,0.9915032679738562,4483,17,22,68,ok,dimensionality:n_features=10,dimensionality,n_features,10,50,10500,210,50.0,4500,90,50.0,1.0,0.0,0.0,1
synthetic,SMOTE-ENN + RF,0.5,0.8914444444444445,0.7244897959183674,0.7888888888888889,0.7553191489361702,0.8855255815364994,0.7509218291597609,0.9676925925925927,0.8203800711192242,0.9899782135076253,4473,27,19,71,ok,dimensionality:n_features=10,dimensionality,n_features,10,50,10500,210,50.0,4500,90,50.0,1.0,0.0,0.0,1
synthetic,Balanced Bagging,0.5,0.9037777777777778,0.22674418604651161,0.8666666666666667,0.35944700460829493,0.9030155242502961,0.42523666612529276,0.9495407407407408,0.6156768092653175,0.9394335511982571,4234,266,12,78,ok,dimensionality:n_features=10,dimensionality,n_features,10,50,10500,210,50.0,4500,90,50.0,1.0,0.0,0.0,1
synthetic,Balanced Random Forest,0.5,0.901,0.3472222222222222,0.8333333333333334,0.49019607843137253,0.8984554647962371,0.5250922578811213,0.9654592592592592,0.7789606641266402,0.9660130718954248,4359,141,15,75,ok,dimensionality:n_features=10,dimensionality,n_features,10,50,10500,210,50.0,4500,90,50.0,1.0,0.0,0.0,1
synthetic,EasyEnsemble,0.5,0.8824444444444444,0.15876288659793814,0.8555555555555555,0.2678260869565217,0.8820346847971372,0.3449835713518557,0.9310814814814816,0.6090153860465956,0.9082788671023965,4092,408,13,77,ok,dimensionality:n_features=10,dimensionality,n_features,10,50,10500,210,50.0,4500,90,50.0,1.0,0.0,0.0,1
synthetic,RUSBoost,0.5,0.7933333333333333,0.0962962962962963,0.7222222222222222,0.16993464052287582,0.7901398532249345,0.22966835252130627,0.8688345679012346,0.29086806033057844,0.8616557734204793,3890,610,25,65,ok,dimensionality:n_features=10,dimensionality,n_features,10,50,10500,210,50.0,4500,90,50.0,1.0,0.0,0.0,1
synthetic,Baseline RF,0.5,0.5551111111111111,0.7142857142857143,0.1111111111111111,0.19230769230769232,0.3331851522487344,0.277133896885958,0.8945148148148148,0.4423866727100709,0.9816993464052287,4496,4,80,10,ok,dimensionality:n_features=10,dimensionality,n_features,10,50,10500,210,50.0,4500,90,50.0,1.0,0.0,0.0,2
synthetic,RF (balanced_subsample),0.5,0.5328888888888889,0.6,0.06666666666666667,0.12,0.25808410917258623,0.1956023057347066,0.9126345679012345,0.41679722150295406,0.9808278867102397,4496,4,84,6,ok,dimensionality:n_features=10,dimensionality,n_features,10,50,10500,210,50.0,4500,90,50.0,1.0,0.0,0.0,2
synthetic,Class weight LogisticRegression,0.5,0.7761111111111111,0.057408844065166796,0.8222222222222222,0.10732414793328499,0.7747400997897438,0.17036962601187902,0.8468074074074073,0.13294758538373322,0.7318082788671024,3285,1215,16,74,ok,dimensionality:n_features=10,dimensionality,n_features,10,50,10500,210,50.0,4500,90,50.0,1.0,0.0,0.0,2
synthetic,Custom weighted log-loss LR,0.5,0.5303333333333333,0.18181818181818182,0.06666666666666667,0.0975609756097561,0.2574231276841043,0.09955914553877286,0.8494469135802469,0.14782628514461196,0.9758169934640523,4473,27,84,6,ok,dimensionality:n_features=10,dimensionality,n_features,10,50,10500,210,50.0,4500,90,50.0,1.0,0.0,0.0,2
synthetic,Random Oversampling + RF,0.5,0.599,0.6666666666666666,0.2,0.3076923076923077,0.4467661580737735,0.358992673525478,0.9235629629629629,0.38173684186360796,0.9823529411764705,4491,9,72,18,ok,dimensionality:n_features=10,dimensionality,n_features,10,50,10500,210,50.0,4500,90,50.0,1.0,0.0,0.0,2
synthetic,Random Undersampling + RF,0.5,0.8403333333333334,0.09348093480934809,0.8444444444444444,0.16832779623477298,0.8403232770050721,0.24719701912888103,0.9176320987654322,0.25414809700272456,0.8363834422657952,3763,737,14,76,ok,dimensionality:n_features=10,dimensionality,n_features,10,50,10500,210,50.0,4500,90,50.0,1.0,0.0,0.0,2
synthetic,SMOTE + RF,0.5,0.7317777777777777,0.40186915887850466,0.4777777777777778,0.4365482233502538,0.6862818051277352,0.4259445282947597,0.9386962962962964,0.33596434220637805,0.9758169934640523,4436,64,47,43,ok,dimensionality:n_features=10,dimensionality,n_features,10,50,10500,210,50.0,4500,90,50.0,1.0,0.0,0.0,2
synthetic,Borderline-SMOTE + RF,0.5,0.6838888888888889,0.43037974683544306,0.37777777777777777,0.40236686390532544,0.6115553940568262,0.39206948006238534,0.9270666666666667,0.3334869182925629,0.9779956427015251,4455,45,56,34,ok,dimensionality:n_features=10,dimensionality,n_features,10,50,10500,210,50.0,4500,90,50.0,1.0,0.0,0.0,2
synthetic,ADASYN + RF,0.5,0.7323333333333334,0.4215686274509804,0.4777777777777778,0.4479166666666667,0.6866684645787322,0.43706146852900135,0.9480506172839506,0.32893528956801826,0.9769063180827887,4441,59,47,43,ok,dimensionality:n_features=10,dimensionality,n_features,10,50,10500,210,50.0,4500,90,50.0,1.0,0.0,0.0,2
synthetic,SMOTE-Tomek + RF,0.5,0.7324444444444445,0.42574257425742573,0.4777777777777778,0.450261780104712,0.6867457703447614,0.43938091450023004,0.9377098765432099,0.34563608156316084,0.9771241830065359,4442,58,47,43,ok,dimensionality:n_features=10,dimensionality,n_features,10,50,10500,210,50.0,4500,90,50.0,1.0,0.0,0.0,2
synthetic,SMOTE-ENN + RF,0.5,0.7777777777777777,0.34210526315789475,0.5777777777777777,0.4297520661157025,0.751623756679456,0.4304667025807998,0.94230987654321,0.34150446872116924,0.9699346405228758,4400,100,38,52,ok,dimensionality:n_features=10,dimensionality,n_features,10,50,10500,210,50.0,4500,90,50.0,1.0,0.0,0.0,2
synthetic,Balanced Bagging,0.5,0.8393333333333333,0.10277777777777777,0.8222222222222222,0.18271604938271604,0.8391588969444271,0.2587392409976526,0.9039098765432099,0.24368646648027265,0.8557734204793028,3854,646,16,74,ok,dimensionality:n_features=10,dimensionality,n_features,10,50,10500,210,50.0,4500,90,50.0,1.0,0.0,0.0,2
synthetic,Balanced Random Forest,0.5,0.8667777777777778,0.15644820295983086,0.8222222222222222,0.26287744227353466,0.8656318608499334,0.3345334260546725,0.9250654320987655,0.3281934824494059,0.9095860566448801,4101,399,16,74,ok,dimensionality:n_features=10,dimensionality,n_features,10,50,10500,210,50.0,4500,90,50.0,1.0,0.0,0.0,2
synthetic,EasyEnsemble,0.5,0.7967777777777778,0.06708975521305531,0.8222222222222222,0.12405699916177704,0.796371400420311,0.19260837000958547,0.8713493827160493,0.12635110927887555,0.7723311546840959,3471,1029,16,74,ok,dimensionality:n_features=10,dimensionality,n_features,10,50,10500,210,50.0,4500,90,50.0,1.0,0.0,0.0,2
synthetic,RUSBoost,0.5,0.59,0.038929440389294405,0.35555555555555557,0.07017543859649122,0.5414201718343488,0.06508915910603177,0.6935703703703703,0.04388668837031662,0.8152505446623094,3710,790,58,32,ok,dimensionality:n_features=10,dimensionality,n_features,10,50,10500,210,50.0,4500,90,50.0,1.0,0.0,0.0,2
synthetic,Baseline RF,0.5,0.5333333333333333,1.0,0.06666666666666667,0.125,0.2581988897471611,0.25582225504832545,0.9336938271604938,0.5171490659086,0.9816993464052287,4500,0,84,6,ok,dimensionality:n_features=20,dimensionality,n_features,20,50,10500,210,50.0,4500,90,50.0,1.0,0.0,0.0,0
synthetic,RF (balanced_subsample),0.5,0.5,0.0,0.0,0.0,0.0,0.0,0.9557123456790124,0.6619287211004173,0.9803921568627451,4500,0,90,0,ok,dimensionality:n_features=20,dimensionality,n_features,20,50,10500,210,50.0,4500,90,50.0,1.0,0.0,0.0,0
synthetic,Class weight LogisticRegression,0.5,0.703111111111111,0.04548736462093863,0.7,0.08542372881355932,0.7031042280882369,0.12270218194162129,0.7743086419753087,0.04818338757168916,0.7061002178649237,3178,1322,27,63,ok,dimensionality:n_features=20,dimensionality,n_features,20,50,10500,210,50.0,4500,90,50.0,1.0,0.0,0.0,0
synthetic,Custom weighted log-loss LR,0.5,0.5593333333333333,0.4074074074074074,0.12222222222222222,0.18803418803418803,0.34898087959226026,0.21515385820718883,0.7691703703703704,0.1565822959710053,0.9793028322440087,4484,16,79,11,ok,dimensionality:n_features=20,dimensionality,n_features,20,50,10500,210,50.0,4500,90,50.0,1.0,0.0,0.0,0
synthetic,Random Oversampling + RF,0.5,0.55,1.0,0.1,0.18181818181818182,0.31622776601683794,0.31341957040361135,0.97350987654321,0.6835655312403717,0.9823529411764705,4500,0,81,9,ok,dimensionality:n_features=20,dimensionality,n_features,20,50,10500,210,50.0,4500,90,50.0,1.0,0.0,0.0,0
synthetic,Random Undersampling + RF,0.5,0.8494444444444444,0.09846547314578005,0.8555555555555555,0.17660550458715596,0.8494224617459316,0.2577411733161007,0.9301493827160494,0.38002797097071284,0.8435729847494553,3795,705,13,77,ok,dimensionality:n_features=20,dimensionality,n_features,20,50,10500,210,50.0,4500,90,50.0,1.0,0.0,0.0,0
synthetic,SMOTE + RF,0.5,0.6825555555555556,0.825,0.36666666666666664,0.5076923076923077,0.6050589196898896,0.5446491965042703,0.9780802469135802,0.6803322475579887,0.9860566448801743,4493,7,57,33,ok,dimensionality:n_features=20,dimensionality,n_features,20,50,10500,210,50.0,4500,90,50.0,1.0,0.0,0.0,0
synthetic,Borderline-SMOTE + RF,0.5,0.6495555555555556,0.8709677419354839,0.3,0.4462809917355372,0.5474790711372749,0.5063425386561403,0.9777432098765432,0.6805552551143806,0.9854030501089325,4496,4,63,27,ok,dimensionality:n_features=20,dimensionality,n_features,20,50,10500,210,50.0,4500,90,50.0,1.0,0.0,0.0,0
synthetic,ADASYN + RF,0.5,0.6990000000000001,0.8,0.4,0.5333333333333333,0.6318227599572526,0.5600636456053123,0.9799493827160494,0.6804640018732466,0.9862745098039216,4491,9,54,36,ok,dimensionality:n_features=20,dimensionality,n_features,20,50,10500,210,50.0,4500,90,50.0,1.0,0.0,0.0,0
synthetic,SMOTE-Tomek + RF,0.5,0.6825555555555556,0.825,0.36666666666666664,0.5076923076923077,0.6050589196898896,0.5446491965042703,0.9780802469135802,0.6803322475579887,0.9860566448801743,4493,7,57,33,ok,dimensionality:n_features=20,dimensionality,n_features,20,50,10500,210,50.0,4500,90,50.0,1.0,0.0,0.0,0
synthetic,SMOTE-ENN + RF,0.5,0.6818888888888889,0.717391304347826,0.36666666666666664,0.4852941176470588,0.6046547836637095,0.5063672391897787,0.9758617283950618,0.634534250173713,0.9847494553376906,4487,13,57,33,ok,dimensionality:n_features=20,dimensionality,n_features,20,50,10500,210,50.0,4500,90,50.0,1.0,0.0,0.0,0
synthetic,Balanced Bagging,0.5,0.8437777777777777,0.1623529411764706,0.7666666666666667,0.26796116504854367,0.8402468773014362,0.3288768766575114,0.9472135802469136,0.3766594769695228,0.9178649237472767,4144,356,21,69,ok,dimensionality:n_features=20,dimensionality,n_features,20,50,10500,210,50.0,4500,90,50.0,1.0,0.0,0.0,0
synthetic,Balanced Random Forest,0.5,0.8505555555555555,0.21725239616613418,0.7555555555555555,0.337468982630273,0.8452335494325931,0.3856315584573453,0.9542395061728395,0.5308529372453242,0.9418300653594771,4255,245,22,68,ok,dimensionality:n_features=20,dimensionality,n_features,20,50,10500,210,50.0,4500,90,50.0,1.0,0.0,0.0,0
synthetic,EasyEnsemble,0.5,0.7328888888888889,0.05640107430617726,0.7,0.1043910521955261,0.7321505613222218,0.15049681118160413,0.8187679012345679,0.08732043730251549,0.7644880174291939,3446,1054,27,63,ok,dimensionality:n_features=20,dimensionality,n_features,20,50,10500,210,50.0,4500,90,50.0,1.0,0.0,0.0,0
synthetic,RUSBoost,0.5,0.6246666666666667,0.05555555555555555,0.37777777777777777,0.09686609686609686,0.5738068673235397,0.10169503597462534,0.6246666666666666,0.033188090050835145,0.8618736383442266,3922,578,56,34,ok,dimensionality:n_features=20,dimensionality,n_features,20,50,10500,210,50.0,4500,90,50.0,1.0,0.0,0.0,0
synthetic,Baseline RF,0.5,0.5166666666666667,1.0,0.03333333333333333,0.06451612903225806,0.18257418583505536,0.1808344874126683,0.9599395061728396,0.6460661127722156,0.9810457516339869,4500,0,87,3,ok,dimensionality:n_features=20,dimensionality,n_features,20,50,10500,210,50.0,4500,90,50.0,1.0,0.0,0.0,1
synthetic,RF (balanced_subsample),0.5,0.5277777777777778,1.0,0.05555555555555555,0.10526315789473684,0.23570226039551584,0.23350723124715222,0.9741358024691358,0.7079674654053068,0.9814814814814815,4500,0,85,5,ok,dimensionality:n_features=20,dimensionality,n_features,20,50,10500,210,50.0,4500,90,50.0,1.0,0.0,0.0,1
synthetic,Class weight LogisticRegression,0.5,0.8431111111111111,0.08395324123273114,0.8777777777777778,0.15324927255092144,0.8423981053523534,0.23567338848804717,0.9124246913580246,0.13645865734337115,0.8098039215686275,3638,862,11,79,ok,dimensionality:n_features=20,dimensionality,n_features,20,50,10500,210,50.0,4500,90,50.0,1.0,0.0,0.0,1
synthetic,Custom weighted log-loss LR,0.5,0.6541111111111111,0.31521739130434784,0.32222222222222224,0.31868131868131866,0.5636586831683791,0.30492134002836513,0.9089160493827161,0.23524672887942,0.9729847494553376,4437,63,61,29,ok,dimensionality:n_features=20,dimensionality,n_features,20,50,10500,210,50.0,4500,90,50.0,1.0,0.0,0.0,1
synthetic,Random Oversampling + RF,0.5,0.5777777777777777,1.0,0.15555555555555556,0.2692307692307692,0.39440531887330776,0.3911163867342149,0.9826246913580248,0.7005182690745202,0.983442265795207,4500,0,76,14,ok,dimensionality:n_features=20,dimensionality,n_features,20,50,10500,210,50.0,4500,90,50.0,1.0,0.0,0.0,1
synthetic,Random Undersampling + RF,0.5,0.8963333333333333,0.11067708333333333,0.9444444444444444,0.19813519813519814,0.8950412087899074,0.29443684522848096,0.9570271604938272,0.3673622522777584,0.8501089324618737,3817,683,5,85,ok,dimensionality:n_features=20,dimensionality,n_features,20,50,10500,210,50.0,4500,90,50.0,1.0,0.0,0.0,1
synthetic,SMOTE + RF,0.5,0.7251111111111112,0.6307692307692307,0.45555555555555555,0.5290322580645161,0.6731462886519735,0.5283095590894077,0.9826481481481482,0.6241776852631189,0.9840958605664488,4476,24,49,41,ok,dimensionality:n_features=20,dimensionality,n_features,20,50,10500,210,50.0,4500,90,50.0,1.0,0.0,0.0,1
synthetic,Borderline-SMOTE + RF,0.5,0.687,0.6666666666666666,0.37777777777777777,0.48226950354609927,0.6134742189236241,0.4946909147372686,0.9763654320987654,0.627294534078008,0.9840958605664488,4483,17,56,34,ok,dimensionality:n_features=20,dimensionality,n_features,20,50,10500,210,50.0,4500,90,50.0,1.0,0.0,0.0,1
synthetic,ADASYN + RF,0.5,0.7363333333333334,0.6515151515151515,0.4777777777777778,0.5512820512820513,0.6894460112794445,0.5504897308895107,0.9828728395061729,0.5991732669291492,0.9847494553376906,4477,23,47,43,ok,dimensionality:n_features=20,dimensionality,n_features,20,50,10500,210,50.0,4500,90,50.0,1.0,0.0,0.0,1
synthetic,SMOTE-Tomek + RF,0.5,0.7251111111111112,0.6307692307692307,0.45555555555555555,0.5290322580645161,0.6731462886519735,0.5283095590894077,0.9826481481481482,0.6241776852631189,0.9840958605664488,4476,24,49,41,ok,dimensionality:n_features=20,dimensionality,n_features,20,50,10500,210,50.0,4500,90,50.0,1.0,0.0,0.0,1
synthetic,SMOTE-ENN + RF,0.5,0.7462222222222222,0.569620253164557,0.5,0.5325443786982249,0.7044304239754429,0.524970373304076,0.9791345679012345,0.56571100190045,0.9827886710239652,4466,34,45,45,ok,dimensionality:n_features=20,dimensionality,n_features,20,50,10500,210,50.0,4500,90,50.0,1.0,0.0,0.0,1
synthetic,Balanced Bagging,0.5,0.8755555555555555,0.14076782449725778,0.8555555555555555,0.24175824175824176,0.8753270993544057,0.3214298194001155,0.9479592592592593,0.3674807536667722,0.8947712418300654,4030,470,13,77,ok,dimensionality:n_features=20,dimensionality,n_features,20,50,10500,210,50.0,4500,90,50.0,1.0,0.0,0.0,1
synthetic,Balanced Random Forest,0.5,0.9019999999999999,0.17316017316017315,0.8888888888888888,0.2898550724637681,0.9019047060335321,0.37050385261448304,0.9630814814814815,0.4758875034406908,0.9145969498910675,4118,382,10,80,ok,dimensionality:n_features=20,dimensionality,n_features,20,50,10500,210,50.0,4500,90,50.0,1.0,0.0,0.0,1
synthetic,EasyEnsemble,0.5,0.8537777777777777,0.08928571428571429,0.8888888888888888,0.16227180527383367,0.8530555103296055,0.2475059287742521,0.9204493827160495,0.17277290953336547,0.8200435729847495,3684,816,10,80,ok,dimensionality:n_features=20,dimensionality,n_features,20,50,10500,210,50.0,4500,90,50.0,1.0,0.0,0.0,1
synthetic,RUSBoost,0.5,0.7236666666666667,0.04992319508448541,0.7222222222222222,0.09339080459770115,0.7236652251039091,0.13759016015428052,0.7236666666666667,0.04150226398803249,0.7250544662309368,3263,1237,25,65,ok,dimensionality:n_features=20,dimensionality,n_features,20,50,10500,210,50.0,4500,90,50.0,1.0,0.0,0.0,1
synthetic,Baseline RF,0.5,0.6777777777777778,1.0,0.35555555555555557,0.5245901639344263,0.5962847939999439,0.5924788215750153,0.9815308641975309,0.7867019831503228,0.987363834422658,4500,0,58,32,ok,dimensionality:n_features=20,dimensionality,n_features,20,50,10500,210,50.0,4500,90,50.0,1.0,0.0,0.0,2
synthetic,RF (balanced_subsample),0.5,0.6221111111111111,0.9565217391304348,0.24444444444444444,0.3893805309734513,0.4943582946171634,0.47954930558364195,0.9924975308641976,0.7768786428560782,0.984967320261438,4499,1,68,22,ok,dimensionality:n_features=20,dimensionality,n_features,20,50,10500,210,50.0,4500,90,50.0,1.0,0.0,0.0,2
synthetic,Class weight LogisticRegression,0.5,0.9164444444444444,0.1711340206185567,0.9222222222222223,0.288695652173913,0.9164262310939365,0.3756532322564658,0.9736296296296296,0.6026039645317477,0.9108932461873638,4098,402,7,83,ok,dimensionality:n_features=20,dimensionality,n_features,20,50,10500,210,50.0,4500,90,50.0,1.0,0.0,0.0,2
synthetic,Custom weighted log-loss LR,0.5,0.8324444444444445,0.5126050420168067,0.6777777777777778,0.583732057416268,0.8179498611214762,0.580097202890807,0.9746222222222223,0.6710577196268338,0.9810457516339869,4442,58,29,61,ok,dimensionality:n_features=20,dimensionality,n_features,20,50,10500,210,50.0,4500,90,50.0,1.0,0.0,0.0,2
synthetic,Random Oversampling + RF,0.5,0.7165555555555556,0.975,0.43333333333333335,0.6,0.6582074422528486,0.6460872087564351,0.9930333333333333,0.7854784611543899,0.9886710239651416,4499,1,51,39,ok,dimensionality:n_features=20,dimensionality,n_features,20,50,10500,210,50.0,4500,90,50.0,1.0,0.0,0.0,2
synthetic,Random Undersampling + RF,0.5,0.8983333333333333,0.17792792792792791,0.8777777777777778,0.2958801498127341,0.8980981276639988,0.3736784250893328,0.9719000000000001,0.629172016877491,0.918082788671024,4135,365,11,79,ok,dimensionality:n_features=20,dimensionality,n_features,20,50,10500,210,50.0,4500,90,50.0,1.0,0.0,0.0,2
synthetic,SMOTE + RF,0.5,0.8313333333333333,0.7692307692307693,0.6666666666666666,0.7142857142857143,0.8148619514985345,0.7108709878555992,0.9928691358024692,0.7853173731297879,0.9895424836601308,4482,18,30,60,ok,dimensionality:n_features=20,dimensionality,n_features,20,50,10500,210,50.0,4500,90,50.0,1.0,0.0,0.0,2
synthetic,Borderline-SMOTE + RF,0.5,0.8037777777777778,0.7746478873239436,0.6111111111111112,0.6832298136645962,0.780344969615963,0.68259509475372,0.9892345679012345,0.7293439812942157,0.9888888888888889,4484,16,35,55,ok,dimensionality:n_features=20,dimensionality,n_features,20,50,10500,210,50.0,4500,90,50.0,1.0,0.0,0.0,2
synthetic,ADASYN + RF,0.5,0.8252222222222223,0.7195121951219512,0.6555555555555556,0.686046511627907,0.807592061793332,0.6808302448637937,0.9911962962962964,0.7330402924384083,0.9882352941176471,4477,23,31,59,ok,dimensionality:n_features=20,dimensionality,n_features,20,50,10500,210,50.0,4500,90,50.0,1.0,0.0,0.0,2
synthetic,SMOTE-Tomek + RF,0.5,0.8313333333333333,0.7692307692307693,0.6666666666666666,0.7142857142857143,0.8148619514985345,0.7108709878555992,0.9928691358024692,0.7853173731297879,0.9895424836601308,4482,18,30,60,ok,dimensionality:n_features=20,dimensionality,n_features,20,50,10500,210,50.0,4500,90,50.0,1.0,0.0,0.0,2
synthetic,SMOTE-ENN + RF,0.5,0.8356666666666667,0.6777777777777778,0.6777777777777778,0.6777777777777778,0.8206155473443152,0.6713333333333333,0.9928901234567901,0.7675996318678737,0.987363834422658,4471,29,29,61,ok,dimensionality:n_features=20,dimensionality,n_features,20,50,10500,210,50.0,4500,90,50.0,1.0,0.0,0.0,2
synthetic,Balanced Bagging,0.5,0.8993333333333333,0.23123123123123124,0.8555555555555555,0.3640661938534279,0.8982671933324092,0.42689309364348366,0.977125925925926,0.5811783875655845,0.9413943355119826,4244,256,13,77,ok,dimensionality:n_features=20,dimensionality,n_features,20,50,10500,210,50.0,4500,90,50.0,1.0,0.0,0.0,2
synthetic,Balanced Random Forest,0.5,0.9006666666666667,0.2814814814814815,0.8444444444444444,0.4222222222222222,0.8989101769213871,0.47219019499235004,0.9779518518518518,0.660816860895857,0.9546840958605665,4306,194,14,76,ok,dimensionality:n_features=20,dimensionality,n_features,20,50,10500,210,50.0,4500,90,50.0,1.0,0.0,0.0,2
synthetic,EasyEnsemble,0.5,0.9152222222222222,0.14214046822742474,0.9444444444444444,0.24709302325581395,0.9147555836275489,0.3420520813311724,0.9738123456790124,0.5329665553241268,0.8871459694989107,3987,513,5,85,ok,dimensionality:n_features=20,dimensionality,n_features,20,50,10500,210,50.0,4500,90,50.0,1.0,0.0,0.0,2
synthetic,RUSBoost,0.5,0.6986666666666667,0.042567125081859856,0.7222222222222222,0.08039579468150897,0.698269465832196,0.11692018540402298,0.7692567901234568,0.06277838126980183,0.6760348583877995,3038,1462,25,65,ok,dimensionality:n_features=20,dimensionality,n_features,20,50,10500,210,50.0,4500,90,50.0,1.0,0.0,0.0,2
synthetic,Baseline RF,0.5,0.5055555555555555,1.0,0.011111111111111112,0.02197802197802198,0.10540925533894598,0.10438208639788615,0.8856666666666666,0.26654709966777906,0.9806100217864924,4500,0,89,1,ok,dimensionality:n_features=50,dimensionality,n_features,50,50,10500,210,50.0,4500,90,50.0,1.0,0.0,0.0,0
synthetic,RF (balanced_subsample),0.5,0.5,0.0,0.0,0.0,0.0,0.0,0.9204185185185185,0.3691826251304018,0.9803921568627451,4500,0,90,0,ok,dimensionality:n_features=50,dimensionality,n_features,50,50,10500,210,50.0,4500,90,50.0,1.0,0.0,0.0,0
synthetic,Class weight LogisticRegression,0.5,0.7586666666666666,0.06152433425160698,0.7444444444444445,0.11365564037319763,0.7585333476559701,0.16861180538196666,0.8162419753086421,0.09579418097512464,0.7723311546840959,3478,1022,23,67,ok,dimensionality:n_features=50,dimensionality,n_features,50,50,10500,210,50.0,4500,90,50.0,1.0,0.0,0.0,0
synthetic,Custom weighted log-loss LR,0.5,0.567,0.21666666666666667,0.14444444444444443,0.17333333333333334,0.3780685155750685,0.16357148021300305,0.8120765432098765,0.11138533230370527,0.9729847494553376,4453,47,77,13,ok,dimensionality:n_features=50,dimensionality,n_features,50,50,10500,210,50.0,4500,90,50.0,1.0,0.0,0.0,0
synthetic,Random Oversampling + RF,0.5,0.5277777777777778,1.0,0.05555555555555555,0.10526315789473684,0.23570226039551584,0.23350723124715222,0.9510925925925926,0.4545387319781507,0.9814814814814815,4500,0,85,5,ok,dimensionality:n_features=50,dimensionality,n_features,50,50,10500,210,50.0,4500,90,50.0,1.0,0.0,0.0,0
synthetic,Random Undersampling + RF,0.5,0.8182222222222222,0.08131868131868132,0.8222222222222222,0.148,0.8182124448688565,0.2213315910491967,0.8884555555555556,0.2703400656710547,0.8143790849673203,3664,836,16,74,ok,dimensionality:n_features=50,dimensionality,n_features,50,50,10500,210,50.0,4500,90,50.0,1.0,0.0,0.0,0
synthetic,SMOTE + RF,0.5,0.5607777777777777,0.7857142857142857,0.12222222222222222,0.21153846153846154,0.3494863956447242,0.30562951934802224,0.9547395061728396,0.43404552062396107,0.9821350762527233,4497,3,79,11,ok,dimensionality:n_features=50,dimensionality,n_features,50,50,10500,210,50.0,4500,90,50.0,1.0,0.0,0.0,0
synthetic,Borderline-SMOTE + RF,0.5,0.5497777777777778,0.8181818181818182,0.1,0.1782178217821782,0.31615748537011673,0.28230030508060966,0.9455395061728396,0.4556449905524493,0.981917211328976,4498,2,81,9,ok,dimensionality:n_features=50,dimensionality,n_features,50,50,10500,210,50.0,4500,90,50.0,1.0,0.0,0.0,0
synthetic,ADASYN + RF,0.5,0.533,0.6666666666666666,0.06666666666666667,0.12121212121212122,0.25811280910141254,0.2068569164663835,0.929988888888889,0.36614393527392497,0.9810457516339869,4497,3,84,6,ok,dimensionality:n_features=50,dimensionality,n_features,50,50,10500,210,50.0,4500,90,50.0,1.0,0.0,0.0,0
synthetic,SMOTE-Tomek + RF,0.5,0.5607777777777777,0.7857142857142857,0.12222222222222222,0.21153846153846154,0.3494863956447242,0.30562951934802224,0.9547395061728396,0.43404552062396107,0.9821350762527233,4497,3,79,11,ok,dimensionality:n_features=50,dimensionality,n_features,50,50,10500,210,50.0,4500,90,50.0,1.0,0.0,0.0,0
synthetic,SMOTE-ENN + RF,0.5,0.6043333333333333,0.6333333333333333,0.2111111111111111,0.31666666666666665,0.4589063757765794,0.3590356235074292,0.946858024691358,0.4085751286589984,0.9821350762527233,4489,11,71,19,ok,dimensionality:n_features=50,dimensionality,n_features,50,50,10500,210,50.0,4500,90,50.0,1.0,0.0,0.0,0
synthetic,Balanced Bagging,0.5,0.7737777777777778,0.10825688073394496,0.6555555555555556,0.1858267716535433,0.7646931120100112,0.23469194663922233,0.8934691358024691,0.29133030851101843,0.887363834422658,4014,486,31,59,ok,dimensionality:n_features=50,dimensionality,n_features,50,50,10500,210,50.0,4500,90,50.0,1.0,0.0,0.0,0
synthetic,Balanced Random Forest,0.5,0.7677777777777777,0.21487603305785125,0.5777777777777777,0.3132530120481928,0.7438969794597788,0.3322611697551328,0.9076567901234568,0.3686188914103782,0.9503267973856209,4310,190,38,52,ok,dimensionality:n_features=50,dimensionality,n_features,50,50,10500,210,50.0,4500,90,50.0,1.0,0.0,0.0,0
synthetic,EasyEnsemble,0.5,0.7376666666666667,0.05242566510172144,0.7444444444444445,0.097953216374269,0.7376355284552841,0.14703312626443177,0.8095086419753087,0.10559975896811555,0.7311546840958606,3289,1211,23,67,ok,dimensionality:n_features=50,dimensionality,n_features,50,50,10500,210,50.0,4500,90,50.0,1.0,0.0,0.0,0
synthetic,RUSBoost,0.5,0.5893333333333334,0.03567787971457696,0.3888888888888889,0.06535947712418301,0.5541983421746548,0.06042867919408062,0.5893333333333334,0.025857301806213484,0.7819172113289761,3554,946,55,35,ok,dimensionality:n_features=50,dimensionality,n_features,50,50,10500,210,50.0,4500,90,50.0,1.0,0.0,0.0,0
synthetic,Baseline RF,0.5,0.5166666666666667,1.0,0.03333333333333333,0.06451612903225806,0.18257418583505536,0.1808344874126683,0.9390234567901234,0.5207421571929212,0.9810457516339869,4500,0,87,3,ok,dimensionality:n_features=50,dimensionality,n_features,50,50,10500,210,50.0,4500,90,50.0,1.0,0.0,0.0,1
synthetic,RF (balanced_subsample),0.5,0.5055555555555555,1.0,0.011111111111111112,0.02197802197802198,0.10540925533894598,0.10438208639788615,0.9670123456790124,0.46599228396687864,0.9806100217864924,4500,0,89,1,ok,dimensionality:n_features=50,dimensionality,n_features,50,50,10500,210,50.0,4500,90,50.0,1.0,0.0,0.0,1
synthetic,Class weight LogisticRegression,0.5,0.856,0.10650069156293222,0.8555555555555555,0.18942189421894218,0.8559998846198145,0.27098875554724716,0.9294543209876542,0.32400666610165435,0.8564270152505447,3854,646,13,77,ok,dimensionality:n_features=50,dimensionality,n_features,50,50,10500,210,50.0,4500,90,50.0,1.0,0.0,0.0,1
synthetic,Custom weighted log-loss LR,0.5,0.7135555555555555,0.3389830508474576,0.4444444444444444,0.38461538461538464,0.6608636324846002,0.3741764756491269,0.9196691358024691,0.381534208522613,0.9721132897603486,4422,78,50,40,ok,dimensionality:n_features=50,dimensionality,n_features,50,50,10500,210,50.0,4500,90,50.0,1.0,0.0,0.0,1
synthetic,Random Oversampling + RF,0.5,0.5111111111111111,1.0,0.022222222222222223,0.043478260869565216,0.14907119849998599,0.14763464883937313,0.9684222222222222,0.5041325329420624,0.9808278867102397,4500,0,88,2,ok,dimensionality:n_features=50,dimensionality,n_features,50,50,10500,210,50.0,4500,90,50.0,1.0,0.0,0.0,1
synthetic,Random Undersampling + RF,0.5,0.8667777777777778,0.10851648351648352,0.8777777777777778,0.19315403422982885,0.8667079762234698,0.2784124793003324,0.9432259259259259,0.37071780635896895,0.8562091503267973,3851,649,11,79,ok,dimensionality:n_features=50,dimensionality,n_features,50,50,10500,210,50.0,4500,90,50.0,1.0,0.0,0.0,1
synthetic,SMOTE + RF,0.5,0.5988888888888889,0.6428571428571429,0.2,0.3050847457627119,0.44671641514002547,0.35216674910765305,0.9690370370370369,0.44624012062705276,0.9821350762527233,4490,10,72,18,ok,dimensionality:n_features=50,dimensionality,n_features,50,50,10500,210,50.0,4500,90,50.0,1.0,0.0,0.0,1
synthetic,Borderline-SMOTE + RF,0.5,0.5874444444444444,0.5517241379310345,0.17777777777777778,0.2689075630252101,0.4210275496103126,0.3060276695824182,0.9712172839506172,0.42996802847971044,0.9810457516339869,4487,13,74,16,ok,dimensionality:n_features=50,dimensionality,n_features,50,50,10500,210,50.0,4500,90,50.0,1.0,0.0,0.0,1
synthetic,ADASYN + RF,0.5,0.6093333333333333,0.5555555555555556,0.2222222222222222,0.31746031746031744,0.47056572204680625,0.34368638869252255,0.9721888888888889,0.43047211219162723,0.9812636165577342,4484,16,70,20,ok,dimensionality:n_features=50,dimensionality,n_features,50,50,10500,210,50.0,4500,90,50.0,1.0,0.0,0.0,1
synthetic,SMOTE-Tomek + RF,0.5,0.5988888888888889,0.6428571428571429,0.2,0.3050847457627119,0.44671641514002547,0.35216674910765305,0.9690370370370369,0.44624012062705276,0.9821350762527233,4490,10,72,18,ok,dimensionality:n_features=50,dimensionality,n_features,50,50,10500,210,50.0,4500,90,50.0,1.0,0.0,0.0,1
synthetic,SMOTE-ENN + RF,0.5,0.6635555555555556,0.5172413793103449,0.3333333333333333,0.40540540540540543,0.5755512655352772,0.40603536398091794,0.9673827160493826,0.391867436568664,0.9808278867102397,4472,28,60,30,ok,dimensionality:n_features=50,dimensionality,n_features,50,50,10500,210,50.0,4500,90,50.0,1.0,0.0,0.0,1
synthetic,Balanced Bagging,0.5,0.8262222222222222,0.1183533447684391,0.7666666666666667,0.2050520059435364,0.8240729920925065,0.27166087830938834,0.9247222222222222,0.2842150956155413,0.883442265795207,3986,514,21,69,ok,dimensionality:n_features=50,dimensionality,n_features,50,50,10500,210,50.0,4500,90,50.0,1.0,0.0,0.0,1
synthetic,Balanced Random Forest,0.5,0.875,0.18546365914786966,0.8222222222222222,0.30265848670756645,0.8734068388631037,0.36909953387544747,0.9522049382716049,0.4278021517043756,0.9257080610021786,4175,325,16,74,ok,dimensionality:n_features=50,dimensionality,n_features,50,50,10500,210,50.0,4500,90,50.0,1.0,0.0,0.0,1
synthetic,EasyEnsemble,0.5,0.8527777777777779,0.09713574097135741,0.8666666666666667,0.17469204927211646,0.8526646685755409,0.2574858112568755,0.9359333333333334,0.3552710717914735,0.8394335511982571,3775,725,12,78,ok,dimensionality:n_features=50,dimensionality,n_features,50,50,10500,210,50.0,4500,90,50.0,1.0,0.0,0.0,1
synthetic,RUSBoost,0.5,0.7205555555555556,0.06707317073170732,0.6111111111111112,0.12087912087912088,0.7121953539740499,0.15966065537714969,0.7205555555555555,0.048614432222753606,0.8257080610021786,3735,765,35,55,ok,dimensionality:n_features=50,dimensionality,n_features,50,50,10500,210,50.0,4500,90,50.0,1.0,0.0,0.0,1
synthetic,Baseline RF,0.5,0.5222222222222223,1.0,0.044444444444444446,0.0851063829787234,0.21081851067789195,0.2088324447241671,0.9152592592592592,0.5175601639874843,0.9812636165577342,4500,0,86,4,ok,dimensionality:n_features=50,dimensionality,n_features,50,50,10500,210,50.0,4500,90,50.0,1.0,0.0,0.0,2
synthetic,RF (balanced_subsample),0.5,0.5,0.0,0.0,0.0,0.0,0.0,0.9738074074074075,0.5148435461500677,0.9803921568627451,4500,0,90,0,ok,dimensionality:n_features=50,dimensionality,n_features,50,50,10500,210,50.0,4500,90,50.0,1.0,0.0,0.0,2
synthetic,Class weight LogisticRegression,0.5,0.8596666666666666,0.11159420289855072,0.8555555555555555,0.19743589743589743,0.8596568365011761,0.2790620937603548,0.9360666666666666,0.24332333699150738,0.8636165577342048,3887,613,13,77,ok,dimensionality:n_features=50,dimensionality,n_features,50,50,10500,210,50.0,4500,90,50.0,1.0,0.0,0.0,2
synthetic,Custom weighted log-loss LR,0.5,0.7178888888888889,0.3153846153846154,0.45555555555555555,0.37272727272727274,0.6682407343258459,0.36421135864133436,0.9300395061728395,0.3412133484042502,0.9699346405228758,4411,89,49,41,ok,dimensionality:n_features=50,dimensionality,n_features,50,50,10500,210,50.0,4500,90,50.0,1.0,0.0,0.0,2
synthetic,Random Oversampling + RF,0.5,0.5221111111111111,0.8,0.044444444444444446,0.08421052631578947,0.2107950850974343,0.18587175607273315,0.9851234567901235,0.5636038731960696,0.9810457516339869,4499,1,86,4,ok,dimensionality:n_features=50,dimensionality,n_features,50,50,10500,210,50.0,4500,90,50.0,1.0,0.0,0.0,2
synthetic,Random Undersampling + RF,0.5,0.8963333333333333,0.11067708333333333,0.9444444444444444,0.19813519813519814,0.8950412087899074,0.29443684522848096,0.953741975308642,0.3684123721434309,0.8501089324618737,3817,683,5,85,ok,dimensionality:n_features=50,dimensionality,n_features,50,50,10500,210,50.0,4500,90,50.0,1.0,0.0,0.0,2
synthetic,SMOTE + RF,0.5,0.5935555555555556,0.68,0.18888888888888888,0.2956521739130435,0.4342269987227338,0.3524817971265835,0.9833592592592592,0.5412446445160803,0.9823529411764705,4492,8,73,17,ok,dimensionality:n_features=50,dimensionality,n_features,50,50,10500,210,50.0,4500,90,50.0,1.0,0.0,0.0,2
synthetic,Borderline-SMOTE + RF,0.5,0.588,0.6666666666666666,0.17777777777777778,0.2807017543859649,0.4212620661714769,0.33835033046167057,0.9828827160493827,0.5299931396108262,0.9821350762527233,4492,8,74,16,ok,dimensionality:n_features=50,dimensionality,n_features,50,50,10500,210,50.0,4500,90,50.0,1.0,0.0,0.0,2
synthetic,ADASYN + RF,0.5,0.5881111111111111,0.6956521739130435,0.17777777777777778,0.2831858407079646,0.4213089538188112,0.34602602304624935,0.9792950617283951,0.5121743550917057,0.9823529411764705,4493,7,74,16,ok,dimensionality:n_features=50,dimensionality,n_features,50,50,10500,210,50.0,4500,90,50.0,1.0,0.0,0.0,2
synthetic,SMOTE-Tomek + RF,0.5,0.5935555555555556,0.68,0.18888888888888888,0.2956521739130435,0.4342269987227338,0.3524817971265835,0.9833592592592592,0.5412446445160803,0.9823529411764705,4492,8,73,17,ok,dimensionality:n_features=50,dimensionality,n_features,50,50,10500,210,50.0,4500,90,50.0,1.0,0.0,0.0,2
synthetic,SMOTE-ENN + RF,0.5,0.5986666666666667,0.6,0.2,0.3,0.44661691265184605,0.3395352861284314,0.9795592592592592,0.49045261866595835,0.9816993464052287,4488,12,72,18,ok,dimensionality:n_features=50,dimensionality,n_features,50,50,10500,210,50.0,4500,90,50.0,1.0,0.0,0.0,2
synthetic,Balanced Bagging,0.5,0.8933333333333333,0.13705583756345177,0.9,0.23788546255506607,0.8933084573650918,0.3256483015042395,0.9540518518518518,0.3742531118619569,0.8869281045751634,3990,510,9,81,ok,dimensionality:n_features=50,dimensionality,n_features,50,50,10500,210,50.0,4500,90,50.0,1.0,0.0,0.0,2
synthetic,Balanced Random Forest,0.5,0.8722222222222222,0.2236024844720497,0.8,0.34951456310679613,0.8692269873603532,0.4041286719200943,0.9682382716049384,0.5073600661666504,0.9416122004357298,4250,250,18,72,ok,dimensionality:n_features=50,dimensionality,n_features,50,50,10500,210,50.0,4500,90,50.0,1.0,0.0,0.0,2
synthetic,EasyEnsemble,0.5,0.8677777777777778,0.10987482614742698,0.8777777777777778,0.19530284301606923,0.867720157426885,0.2805866221026157,0.9422913580246913,0.2551227679282402,0.8581699346405228,3860,640,11,79,ok,dimensionality:n_features=50,dimensionality,n_features,50,50,10500,210,50.0,4500,90,50.0,1.0,0.0,0.0,2
synthetic,RUSBoost,0.5,0.7394444444444445,0.05178979436405179,0.7555555555555555,0.09693513898788311,0.739268908123775,0.14692364312544476,0.8205728395061729,0.07700695850356538,0.7239651416122005,3255,1245,22,68,ok,dimensionality:n_features=50,dimensionality,n_features,50,50,10500,210,50.0,4500,90,50.0,1.0,0.0,0.0,2
synthetic,Baseline RF,0.5,0.5,0.0,0.0,0.0,0.0,0.0,0.7759567901234568,0.18571275459184358,0.9803921568627451,4500,0,90,0,ok,dimensionality:n_features=100,dimensionality,n_features,100,50,10500,210,50.0,4500,90,50.0,1.0,0.0,0.0,0
synthetic,RF (balanced_subsample),0.5,0.5,0.0,0.0,0.0,0.0,0.0,0.8509703703703704,0.2144935410516942,0.9803921568627451,4500,0,90,0,ok,dimensionality:n_features=100,dimensionality,n_features,100,50,10500,210,50.0,4500,90,50.0,1.0,0.0,0.0,0
synthetic,Class weight LogisticRegression,0.5,0.7184444444444444,0.054844606946983544,0.6666666666666666,0.10135135135135136,0.7165762216829983,0.14216874783597336,0.7809851851851852,0.08205697840442444,0.7681917211328976,3466,1034,30,60,ok,dimensionality:n_features=100,dimensionality,n_features,100,50,10500,210,50.0,4500,90,50.0,1.0,0.0,0.0,0
synthetic,Custom weighted log-loss LR,0.5,0.5817777777777777,0.2,0.17777777777777778,0.18823529411764706,0.41862797650903527,0.1732844322400681,0.7806246913580248,0.09129284859947,0.9699346405228758,4436,64,74,16,ok,dimensionality:n_features=100,dimensionality,n_features,100,50,10500,210,50.0,4500,90,50.0,1.0,0.0,0.0,0
synthetic,Random Oversampling + RF,0.5,0.5,0.0,0.0,0.0,0.0,0.0,0.8997703703703703,0.28136255071040817,0.9803921568627451,4500,0,90,0,ok,dimensionality:n_features=100,dimensionality,n_features,100,50,10500,210,50.0,4500,90,50.0,1.0,0.0,0.0,0
synthetic,Random Undersampling + RF,0.5,0.6957777777777778,0.04978165938864629,0.6333333333333333,0.09230769230769231,0.6929699902646632,0.12546527575128932,0.7911518518518519,0.09880305726555992,0.7557734204793028,3412,1088,33,57,ok,dimensionality:n_features=100,dimensionality,n_features,100,50,10500,210,50.0,4500,90,50.0,1.0,0.0,0.0,0
synthetic,SMOTE + RF,0.5,0.5,0.0,0.0,0.0,0.0,0.0,0.9076925925925925,0.25901535718448976,0.9803921568627451,4500,0,90,0,ok,dimensionality:n_features=100,dimensionality,n_features,100,50,10500,210,50.0,4500,90,50.0,1.0,0.0,0.0,0
synthetic,Borderline-SMOTE + RF,0.5,0.5,0.0,0.0,0.0,0.0,0.0,0.9212901234567901,0.3034210644752961,0.9803921568627451,4500,0,90,0,ok,dimensionality:n_features=100,dimensionality,n_features,100,50,10500,210,50.0,4500,90,50.0,1.0,0.0,0.0,0
synthetic,ADASYN + RF,0.5,0.5,0.0,0.0,0.0,0.0,0.0,0.9092716049382715,0.23939903932224035,0.9803921568627451,4500,0,90,0,ok,dimensionality:n_features=100,dimensionality,n_features,100,50,10500,210,50.0,4500,90,50.0,1.0,0.0,0.0,0
synthetic,SMOTE-Tomek + RF,0.5,0.5,0.0,0.0,0.0,0.0,0.0,0.9076925925925925,0.25901535718448976,0.9803921568627451,4500,0,90,0,ok,dimensionality:n_features=100,dimensionality,n_features,100,50,10500,210,50.0,4500,90,50.0,1.0,0.0,0.0,0
synthetic,SMOTE-ENN + RF,0.5,0.5266666666666666,0.3333333333333333,0.05555555555555555,0.09523809523809523,0.23544022333796766,0.12956421282862657,0.8866148148148149,0.1392354963672338,0.9793028322440087,4490,10,85,5,ok,dimensionality:n_features=100,dimensionality,n_features,100,50,10500,210,50.0,4500,90,50.0,1.0,0.0,0.0,0
synthetic,Balanced Bagging,0.5,0.7442222222222222,0.10495049504950495,0.5888888888888889,0.1781512605042017,0.7278312109307612,0.21642178088495834,0.8614469135802468,0.2096563545375371,0.8934640522875817,4048,452,37,53,ok,dimensionality:n_features=100,dimensionality,n_features,100,50,10500,210,50.0,4500,90,50.0,1.0,0.0,0.0,0
synthetic,Balanced Random Forest,0.5,0.6954444444444445,0.16956521739130434,0.43333333333333335,0.24375,0.6441589405889984,0.24841263104212002,0.8424444444444444,0.1950246423984002,0.947276688453159,4309,191,51,39,ok,dimensionality:n_features=100,dimensionality,n_features,100,50,10500,210,50.0,4500,90,50.0,1.0,0.0,0.0,0
synthetic,EasyEnsemble,0.5,0.7306666666666666,0.055408970976253295,0.7,0.10268948655256724,0.7300228306932142,0.14817120933334935,0.8113901234567901,0.10890092669196653,0.7601307189542483,3426,1074,27,63,ok,dimensionality:n_features=100,dimensionality,n_features,100,50,10500,210,50.0,4500,90,50.0,1.0,0.0,0.0,0
synthetic,RUSBoost,0.5,0.5991111111111111,0.03254437869822485,0.4888888888888889,0.06102635228848821,0.5888846960018448,0.06029108287398423,0.5991111111111111,0.0259323716337291,0.7050108932461874,3192,1308,46,44,ok,dimensionality:n_features=100,dimensionality,n_features,100,50,10500,210,50.0,4500,90,50.0,1.0,0.0,0.0,0
synthetic,Baseline RF,0.5,0.5,0.0,0.0,0.0,0.0,0.0,0.9006901234567901,0.3322203125308557,0.9803921568627451,4500,0,90,0,ok,dimensionality:n_features=100,dimensionality,n_features,100,50,10500,210,50.0,4500,90,50.0,1.0,0.0,0.0,1
synthetic,RF (balanced_subsample),0.5,0.5,0.0,0.0,0.0,0.0,0.0,0.9180728395061728,0.3067865420269507,0.9803921568627451,4500,0,90,0,ok,dimensionality:n_features=100,dimensionality,n_features,100,50,10500,210,50.0,4500,90,50.0,1.0,0.0,0.0,1
synthetic,Class weight LogisticRegression,0.5,0.8428888888888889,0.11459968602825746,0.8111111111111111,0.20082530949105915,0.8422896484297144,0.2750285608078221,0.9096000000000001,0.2949960245821104,0.8734204793028323,3936,564,17,73,ok,dimensionality:n_features=100,dimensionality,n_features,100,50,10500,210,50.0,4500,90,50.0,1.0,0.0,0.0,1
synthetic,Custom weighted log-loss LR,0.5,0.6911111111111111,0.3103448275862069,0.4,0.34951456310679613,0.6268084945889685,0.33764977157191484,0.9110864197530865,0.36257188680919106,0.970806100217865,4420,80,54,36,ok,dimensionality:n_features=100,dimensionality,n_features,100,50,10500,210,50.0,4500,90,50.0,1.0,0.0,0.0,1
synthetic,Random Oversampling + RF,0.5,0.5055555555555555,1.0,0.011111111111111112,0.02197802197802198,0.10540925533894598,0.10438208639788615,0.9399580246913581,0.39310038090787247,0.9806100217864924,4500,0,89,1,ok,dimensionality:n_features=100,dimensionality,n_features,100,50,10500,210,50.0,4500,90,50.0,1.0,0.0,0.0,1
synthetic,Random Undersampling + RF,0.5,0.8263333333333334,0.09287531806615776,0.8111111111111111,0.16666666666666666,0.8261931140649836,0.2402079723159074,0.9107086419753088,0.2792752167585217,0.840958605664488,3787,713,17,73,ok,dimensionality:n_features=100,dimensionality,n_features,100,50,10500,210,50.0,4500,90,50.0,1.0,0.0,0.0,1
synthetic,SMOTE + RF,0.5,0.5547777777777778,0.5882352941176471,0.1111111111111111,0.18691588785046728,0.33307397317253457,0.2500557558643516,0.9618506172839505,0.35528292935707295,0.9810457516339869,4493,7,80,10,ok,dimensionality:n_features=100,dimensionality,n_features,100,50,10500,210,50.0,4500,90,50.0,1.0,0.0,0.0,1
synthetic,Borderline-SMOTE + RF,0.5,0.527,0.4166666666666667,0.05555555555555555,0.09803921568627451,0.2355188650670454,0.1466198443868393,0.9527320987654321,0.29861175675670176,0.9799564270152505,4493,7,85,5,ok,dimensionality:n_features=100,dimensionality,n_features,100,50,10500,210,50.0,4500,90,50.0,1.0,0.0,0.0,1
synthetic,ADASYN + RF,0.5,0.5547777777777778,0.5882352941176471,0.1111111111111111,0.18691588785046728,0.33307397317253457,0.2500557558643516,0.9482604938271606,0.28338340435940007,0.9810457516339869,4493,7,80,10,ok,dimensionality:n_features=100,dimensionality,n_features,100,50,10500,210,50.0,4500,90,50.0,1.0,0.0,0.0,1
synthetic,SMOTE-Tomek + RF,0.5,0.5547777777777778,0.5882352941176471,0.1111111111111111,0.18691588785046728,0.33307397317253457,0.2500557558643516,0.9618506172839505,0.35528292935707295,0.9810457516339869,4493,7,80,10,ok,dimensionality:n_features=100,dimensionality,n_features,100,50,10500,210,50.0,4500,90,50.0,1.0,0.0,0.0,1
synthetic,SMOTE-ENN + RF,0.5,0.6222222222222222,0.3150684931506849,0.25555555555555554,0.2822085889570552,0.5027087122606053,0.2709076117364752,0.9436740740740741,0.2438238001123062,0.9745098039215686,4450,50,67,23,ok,dimensionality:n_features=100,dimensionality,n_features,100,50,10500,210,50.0,4500,90,50.0,1.0,0.0,0.0,1
synthetic,Balanced Bagging,0.5,0.8211111111111111,0.11764705882352941,0.7555555555555555,0.20359281437125748,0.8184900279941876,0.26839131562903584,0.912220987654321,0.2666993235177868,0.8840958605664488,3990,510,22,68,ok,dimensionality:n_features=100,dimensionality,n_features,100,50,10500,210,50.0,4500,90,50.0,1.0,0.0,0.0,1
synthetic,Balanced Random Forest,0.5,0.8107777777777778,0.15144230769230768,0.7,0.2490118577075099,0.8031742581089666,0.30018195141428067,0.9138074074074074,0.29596475898440877,0.9172113289760349,4147,353,27,63,ok,dimensionality:n_features=100,dimensionality,n_features,100,50,10500,210,50.0,4500,90,50.0,1.0,0.0,0.0,1
synthetic,EasyEnsemble,0.5,0.8355555555555556,0.09316770186335403,0.8333333333333334,0.16759776536312848,0.8355526004675876,0.24467582349914954,0.922195061728395,0.34230235882646814,0.8376906318082789,3770,730,15,75,ok,dimensionality:n_features=100,dimensionality,n_features,100,50,10500,210,50.0,4500,90,50.0,1.0,0.0,0.0,1
synthetic,RUSBoost,0.5,0.6707777777777778,0.06942148760330578,0.4666666666666667,0.12086330935251799,0.6389690770933141,0.13999000051689175,0.6707777777777777,0.04285421055474531,0.8668845315904139,3937,563,48,42,ok,dimensionality:n_features=100,dimensionality,n_features,100,50,10500,210,50.0,4500,90,50.0,1.0,0.0,0.0,1
synthetic,Baseline RF,0.5,0.5,0.0,0.0,0.0,0.0,0.0,0.9087938271604938,0.3654273460480184,0.9803921568627451,4500,0,90,0,ok,dimensionality:n_features=100,dimensionality,n_features,100,50,10500,210,50.0,4500,90,50.0,1.0,0.0,0.0,2
synthetic,RF (balanced_subsample),0.5,0.5,0.0,0.0,0.0,0.0,0.0,0.9275938271604939,0.39648906834964703,0.9803921568627451,4500,0,90,0,ok,dimensionality:n_features=100,dimensionality,n_features,100,50,10500,210,50.0,4500,90,50.0,1.0,0.0,0.0,2
synthetic,Class weight LogisticRegression,0.5,0.8431111111111111,0.1232876712328767,0.8,0.21364985163204747,0.8420081815385038,0.2855159624056662,0.9145111111111112,0.22019599574134868,0.8845315904139434,3988,512,18,72,ok,dimensionality:n_features=100,dimensionality,n_features,100,50,10500,210,50.0,4500,90,50.0,1.0,0.0,0.0,2
synthetic,Custom weighted log-loss LR,0.5,0.6935555555555555,0.25517241379310346,0.4111111111111111,0.3148936170212766,0.6334385877450508,0.3068621084359094,0.9105061728395061,0.26501059086294576,0.9649237472766885,4392,108,53,37,ok,dimensionality:n_features=100,dimensionality,n_features,100,50,10500,210,50.0,4500,90,50.0,1.0,0.0,0.0,2
synthetic,Random Oversampling + RF,0.5,0.5111111111111111,1.0,0.022222222222222223,0.043478260869565216,0.14907119849998599,0.14763464883937313,0.9423246913580247,0.4895545915592905,0.9808278867102397,4500,0,88,2,ok,dimensionality:n_features=100,dimensionality,n_features,100,50,10500,210,50.0,4500,90,50.0,1.0,0.0,0.0,2
synthetic,Random Undersampling + RF,0.5,0.7969999999999999,0.07489451476793249,0.7888888888888889,0.13680154142581888,0.7969587253280707,0.20344162549653524,0.8857098765432099,0.2157721814607942,0.80479302832244,3623,877,19,71,ok,dimensionality:n_features=100,dimensionality,n_features,100,50,10500,210,50.0,4500,90,50.0,1.0,0.0,0.0,2
synthetic,SMOTE + RF,0.5,0.5388888888888889,1.0,0.07777777777777778,0.14432989690721648,0.27888667551135854,0.27634976114804377,0.9601271604938273,0.45732352687542666,0.981917211328976,4500,0,83,7,ok,dimensionality:n_features=100,dimensionality,n_features,100,50,10500,210,50.0,4500,90,50.0,1.0,0.0,0.0,2
synthetic,Borderline-SMOTE + RF,0.5,0.5165555555555555,0.75,0.03333333333333333,0.06382978723404255,0.18255389868728064,0.15558017131950447,0.9508777777777778,0.3856294594249784,0.9808278867102397,4499,1,87,3,ok,dimensionality:n_features=100,dimensionality,n_features,100,50,10500,210,50.0,4500,90,50.0,1.0,0.0,0.0,2
synthetic,ADASYN + RF,0.5,0.5387777777777778,0.875,0.07777777777777778,0.14285714285714285,0.27885568638125435,0.25779108172277987,0.9553259259259259,0.42093192324111656,0.9816993464052287,4499,1,83,7,ok,dimensionality:n_features=100,dimensionality,n_features,100,50,10500,210,50.0,4500,90,50.0,1.0,0.0,0.0,2
synthetic,SMOTE-Tomek + RF,0.5,0.5388888888888889,1.0,0.07777777777777778,0.14432989690721648,0.27888667551135854,0.27634976114804377,0.9601271604938273,0.45732352687542666,0.981917211328976,4500,0,83,7,ok,dimensionality:n_features=100,dimensionality,n_features,100,50,10500,210,50.0,4500,90,50.0,1.0,0.0,0.0,2
synthetic,SMOTE-ENN + RF,0.5,0.5760000000000001,0.4666666666666667,0.15555555555555556,0.23333333333333334,0.39370352949370735,0.2615339366124404,0.9556086419753087,0.3645187435597732,0.9799564270152505,4484,16,76,14,ok,dimensionality:n_features=100,dimensionality,n_features,100,50,10500,210,50.0,4500,90,50.0,1.0,0.0,0.0,2
synthetic,Balanced Bagging,0.5,0.8465555555555555,0.10623229461756374,0.8333333333333334,0.1884422110552764,0.8464522913203564,0.2663719018116864,0.9207172839506172,0.22455690411608056,0.8592592592592593,3869,631,15,75,ok,dimensionality:n_features=100,dimensionality,n_features,100,50,10500,210,50.0,4500,90,50.0,1.0,0.0,0.0,2
synthetic,Balanced Random Forest,0.5,0.7884444444444445,0.1832797427652733,0.6333333333333333,0.28428927680798005,0.7730363414388648,0.3182499530124606,0.9270185185185186,0.32717292551244437,0.9374727668845316,4246,254,33,57,ok,dimensionality:n_features=100,dimensionality,n_features,100,50,10500,210,50.0,4500,90,50.0,1.0,0.0,0.0,2
synthetic,EasyEnsemble,0.5,0.857,0.09681372549019608,0.8777777777777778,0.17439293598233996,0.856748086633765,0.2589284050059377,0.9248716049382716,0.2126927671533153,0.837037037037037,3763,737,11,79,ok,dimensionality:n_features=100,dimensionality,n_features,100,50,10500,210,50.0,4500,90,50.0,1.0,0.0,0.0,2
synthetic,RUSBoost,0.5,0.6606666666666667,0.0352035203520352,0.7111111111111111,0.06708595387840671,0.6587380378186277,0.0910939928087374,0.6606666666666667,0.03069810248998756,0.6122004357298475,2746,1754,26,64,ok,dimensionality:n_features=100,dimensionality,n_features,100,50,10500,210,50.0,4500,90,50.0,1.0,0.0,0.0,2
